step,fitness,genome
0,0.09710550009050282,"[1 1 0 0 1 0 1 0 1 1 0 0 0 0 0 0 0 1 1 0 1 0 1 0 1 0 1 0 0 0 1 0 1 1 0 1 1
 0 1 0]"
0,0.8887950554957622,"[1 1 1 1 1 1 0 0 1 1 1 1 1 1 1 1 1 1 1 1 0 0 0 1 0 0 0 0 0 0 0 0 0 0 1 0 1
 1 1 1]"
0,0.38407141822081,"[1 1 1 0 1 0 0 0 1 0 1 0 0 0 1 1 0 1 1 0 0 1 0 1 1 1 0 1 0 0 1 1 0 1 0 0 1
 1 0 1]"
0,0.8014724149353856,"[1 1 1 1 1 0 1 0 0 1 1 0 0 1 0 1 1 0 0 1 0 1 1 0 1 0 0 0 0 1 1 1 1 0 1 1 1
 0 1 0]"
0,0.0834822581816379,"[1 1 0 0 0 1 1 1 1 0 1 1 0 1 0 1 1 0 1 1 0 1 0 1 1 0 1 0 1 1 0 0 1 1 0 1 1
 0 1 1]"
0,0.04763024924686506,"[1 0 1 1 1 1 0 0 1 1 0 0 1 1 1 1 1 0 1 1 1 0 0 1 0 0 0 0 0 0 0 0 0 0 1 0 1
 1 1 1]"
0,0.8813149902756153,"[1 1 1 1 1 1 0 0 1 1 0 0 1 0 0 1 0 0 1 1 1 0 0 1 1 0 1 1 0 1 0 0 1 1 1 0 0
 1 1 0]"
0,0.08795804982425723,"[1 1 0 0 1 0 0 0 1 1 0 0 0 0 0 1 0 1 1 0 1 0 1 0 1 0 1 0 0 0 1 0 1 1 0 0 1
 0 1 1]"
0,0.11807884634533963,"[1 1 0 0 1 1 1 0 1 1 0 0 0 0 0 1 0 1 1 0 1 0 1 1 1 0 1 1 0 0 1 0 1 1 1 0 1
 1 1 0]"
0,0.8811788119747146,"[1 1 1 1 1 1 0 0 1 1 0 0 1 0 0 0 0 0 1 1 1 0 0 1 1 0 1 1 0 1 0 0 1 1 1 0 0
 1 1 0]"
0,0.8882291537549656,"[1 1 1 1 1 1 0 0 1 1 1 1 1 0 1 1 1 1 0 1 0 0 0 1 0 0 0 0 0 0 0 0 0 0 1 0 1
 1 1 0]"
0,0.0017291525208906252,"[1 0 0 0 0 1 1 1 1 0 0 0 0 1 1 0 1 0 1 1 0 1 0 1 1 0 1 1 1 1 0 1 1 1 0 1 1
 0 1 1]"
0,0.03260464931778543,"[1 0 1 1 0 1 0 1 1 1 0 0 1 0 1 0 0 0 0 0 0 1 0 0 1 0 1 0 0 0 0 0 1 0 1 1 1
 0 0 1]"
0,0.005370085100969433,"[1 0 0 1 0 1 1 1 1 1 0 0 1 0 0 1 1 1 0 0 1 0 0 1 0 0 0 1 1 0 1 1 1 0 0 0 0
 1 0 0]"
0,0.38407141625658214,"[1 1 1 0 1 0 0 0 1 0 1 0 0 0 1 1 0 1 1 0 0 1 0 1 1 1 0 1 0 0 0 1 0 1 0 0 1
 1 1 0]"
0,3.268370211840402e-05,"[0 1 0 1 1 0 1 1 0 0 1 0 0 0 0 1 1 1 1 0 1 0 0 0 1 1 0 1 1 0 0 0 0 0 0 1 1
 0 0 0]"
0,0.00528876668120566,"[1 0 0 1 0 1 1 1 1 0 0 0 1 1 1 0 1 0 0 0 1 0 0 1 1 1 1 1 1 0 0 0 0 0 0 1 1
 1 1 0]"
0,8.069878186170752e-05,"[0 1 1 0 0 0 1 1 1 1 0 0 0 0 0 0 1 1 0 0 1 1 1 1 0 0 0 1 1 0 1 1 1 1 0 0 1
 1 0 0]"
0,7.754293439142428e-08,"[0 0 1 1 0 0 0 1 1 1 0 0 1 0 1 1 1 1 0 0 0 1 0 0 1 0 1 0 0 0 0 0 1 1 1 1 0
 0 0 1]"
0,0.007079023603132745,"[1 0 0 1 1 1 0 0 0 0 0 0 1 0 1 0 0 1 0 1 1 1 0 1 0 1 1 1 0 1 0 0 1 1 1 1 0
 0 1 0]"
0,2.8363542533703997e-05,"[0 1 0 1 1 0 0 1 1 1 0 1 1 0 0 1 0 1 1 1 1 1 0 1 1 0 0 0 1 1 0 0 0 1 1 0 1
 1 0 0]"
0,0.4183970242064456,"[1 1 1 0 1 0 1 0 1 0 1 0 0 0 1 1 0 1 1 0 0 1 0 0 1 1 0 1 0 0 0 1 0 0 0 0 1
 1 0 1]"
0,7.887613903685245e-05,"[0 1 1 0 0 0 1 1 1 0 0 0 0 1 1 0 1 0 0 0 1 0 0 1 1 0 0 1 1 0 0 0 0 1 0 1 1
 1 1 0]"
0,0.880053563130775,"[1 1 1 1 1 1 0 0 1 0 1 1 1 1 1 1 1 1 1 1 0 1 0 1 0 0 0 0 0 0 0 0 0 0 1 0 1
 1 1 1]"
0,0.09710550007043076,"[1 1 0 0 1 0 1 0 1 1 0 0 0 0 0 0 0 1 1 0 1 0 1 0 1 0 1 0 0 0 1 0 1 1 0 0 1
 0 0 0]"
step,fitness,genome
1,0.8887950554957622,"[1 1 1 1 1 1 0 0 1 1 1 1 1 1 1 1 1 1 1 1 0 0 0 1 0 0 0 0 0 0 0 0 0 0 1 0 1
 1 1 1]"
1,0.8887950638714716,"[1 1 1 1 1 1 0 0 1 1 1 1 1 1 1 1 1 1 1 1 0 0 0 1 0 0 0 0 0 1 0 0 0 0 1 0 1
 1 1 1]"
1,0.880053563130775,"[1 1 1 1 1 1 0 0 1 0 1 1 1 1 1 1 1 1 1 1 0 1 0 1 0 0 0 0 0 0 0 0 0 0 1 0 1
 1 1 1]"
1,0.38407141735977857,"[1 1 1 0 1 0 0 0 1 0 1 0 0 0 1 1 0 1 1 0 0 1 0 1 1 1 0 1 0 0 1 0 0 1 1 0 1
 1 0 1]"
1,0.8726376647477497,"[1 1 1 1 1 1 0 0 1 0 0 0 1 0 0 1 0 0 1 1 1 0 0 1 1 0 1 1 0 1 1 0 1 1 1 0 0
 1 1 0]"
1,0.8885120642121171,"[1 1 1 1 1 1 0 0 1 1 1 1 1 1 0 1 1 1 1 0 0 0 0 1 0 0 0 0 0 0 0 0 0 0 1 1 1
 1 1 1]"
1,0.00012912871816432236,"[0 1 1 0 1 0 0 0 1 0 0 0 1 1 0 1 1 1 1 0 1 1 0 0 0 0 1 0 0 0 1 0 1 1 0 0 1
 0 1 1]"
1,0.2399992325079155,"[1 1 0 1 1 1 0 1 1 1 1 1 0 0 1 1 1 1 1 1 0 1 0 1 1 0 0 0 0 0 0 0 0 0 1 0 1
 1 1 1]"
1,0.47722888992635526,"[1 1 1 0 1 1 0 1 1 0 1 1 1 1 1 0 1 1 1 0 0 1 0 1 0 0 0 0 0 1 0 0 1 0 0 0 1
 1 1 0]"
1,0.20873680379586484,"[1 1 0 1 1 0 1 0 1 1 1 0 0 0 0 0 0 1 1 1 1 0 1 0 1 0 0 0 0 0 1 0 0 0 1 1 1
 0 1 1]"
1,0.002153420698716854,"[1 0 0 0 1 0 1 0 1 0 0 0 1 0 0 0 0 1 1 0 1 0 1 0 1 0 1 0 0 0 0 0 1 1 0 0 1
 0 0 0]"
1,0.8882292876895281,"[1 1 1 1 1 1 0 0 1 1 1 1 1 0 1 1 1 1 0 1 0 0 0 1 0 1 0 0 0 0 0 0 0 0 1 0 1
 1 1 0]"
1,0.2596813121601491,"[1 1 0 1 1 1 1 1 1 0 1 1 0 1 0 1 1 0 0 1 0 1 0 0 1 0 0 0 1 1 0 1 1 1 0 1 1
 0 1 1]"
1,0.4141207732093558,"[1 1 1 0 1 0 1 0 0 1 1 0 0 1 0 1 1 0 1 1 0 1 1 1 1 0 1 0 0 1 1 0 1 0 1 1 1
 0 1 0]"
1,0.8811788197663576,"[1 1 1 1 1 1 0 0 1 1 0 0 1 0 0 0 0 0 1 1 1 0 0 1 1 0 1 1 1 0 0 0 1 0 1 0 0
 1 1 0]"
1,0.0007703578728499103,"[0 1 1 1 1 1 0 0 1 1 1 1 1 1 1 1 1 1 1 1 0 0 0 1 0 0 0 0 0 0 0 0 0 0 1 1 1
 1 1 1]"
1,0.38407141625658214,"[1 1 1 0 1 0 0 0 1 0 1 0 0 0 1 1 0 1 1 0 0 1 0 1 1 1 0 1 0 0 0 1 0 1 0 0 1
 1 1 0]"
1,0.8882291621258752,"[1 1 1 1 1 1 0 0 1 1 1 1 1 0 1 1 1 1 0 1 0 0 0 1 0 0 0 0 0 1 0 0 0 0 1 0 1
 1 1 0]"
1,0.388218780257554,"[1 1 1 0 1 0 0 0 1 1 1 0 0 0 1 1 0 1 1 0 0 1 0 1 1 1 0 1 0 0 1 1 0 1 0 0 1
 1 0 0]"
1,0.8813149923617932,"[1 1 1 1 1 1 0 0 1 1 0 0 1 0 0 1 0 0 1 1 1 0 0 1 1 0 1 1 0 1 0 1 1 1 1 0 0
 1 1 1]"
1,0.03864117217227656,"[1 0 1 1 1 0 0 0 1 1 1 0 0 1 1 1 0 1 0 0 0 1 1 1 1 1 1 1 0 0 0 1 0 1 0 1 1
 1 1 0]"
1,0.4573086411988649,"[1 1 1 0 1 1 0 0 1 0 1 1 1 0 1 1 1 1 1 1 0 0 0 1 0 0 0 1 0 0 0 0 0 0 1 0 1
 1 0 0]"
1,0.3840719220474721,"[1 1 1 0 1 0 0 0 1 0 1 0 0 0 1 1 0 1 1 0 0 1 1 1 1 1 0 1 0 0 1 1 0 1 0 0 1
 1 0 1]"
1,0.041880154852633536,"[1 0 1 1 1 0 1 0 0 1 1 0 0 1 0 1 1 1 0 1 0 1 1 0 1 0 0 0 0 1 1 1 1 0 1 1 1
 0 1 0]"
1,0.08809506508899335,"[1 1 0 0 1 0 0 0 1 1 0 0 1 0 0 1 0 1 1 0 1 0 1 0 1 0 1 0 1 0 1 0 1 1 0 0 1
 0 1 1]"
step,fitness,genome
2,0.8800514462258082,"[1 1 1 1 1 1 0 0 1 0 1 1 1 1 1 1 1 1 1 1 0 0 0 1 0 0 0 0 0 1 0 0 0 0 1 0 1
 1 0 1]"
2,0.8725024337836825,"[1 1 1 1 1 1 0 0 1 0 0 0 1 0 0 0 0 0 1 1 1 0 0 1 0 0 1 1 1 0 0 0 1 0 1 0 0
 1 1 1]"
2,0.8843975142033743,"[1 1 1 1 1 1 0 0 1 1 0 1 1 1 1 1 1 1 0 1 0 0 1 1 0 0 0 0 0 0 0 1 0 0 1 0 1
 1 1 0]"
2,0.8882292876977028,"[1 1 1 1 1 1 0 0 1 1 1 1 1 0 1 1 1 1 0 1 0 0 0 1 0 1 0 0 0 0 0 0 0 0 1 0 1
 1 1 1]"
2,0.8881777242346931,"[1 1 1 1 1 1 0 0 1 1 1 1 1 0 1 1 0 1 1 1 0 0 0 1 0 0 0 0 0 0 0 0 0 0 1 0 1
 1 1 1]"
2,0.8887950806228906,"[1 1 1 1 1 1 0 0 1 1 1 1 1 1 1 1 1 1 1 1 0 0 0 1 0 0 0 0 1 1 0 0 0 0 1 0 1
 1 1 1]"
2,0.38607979039984536,"[1 1 1 0 1 0 0 0 1 1 0 0 0 0 1 0 0 1 1 1 0 1 1 1 1 0 0 1 1 0 1 0 1 1 0 0 0
 1 0 1]"
2,0.8855204188714028,"[1 1 1 1 1 1 0 0 1 1 1 0 1 0 0 0 0 0 0 0 1 0 0 1 1 1 1 1 1 0 0 0 0 0 1 0 1
 1 1 0]"
2,0.8882292960604389,"[1 1 1 1 1 1 0 0 1 1 1 1 1 0 1 1 1 1 0 1 0 0 0 1 0 1 0 0 0 1 0 0 0 0 1 0 1
 1 1 0]"
2,0.875154567915326,"[1 1 1 1 1 1 0 0 1 0 0 1 1 0 1 1 1 1 0 1 1 0 0 1 0 0 0 0 0 1 0 0 1 0 1 0 1
 1 1 0]"
2,0.8845858232983885,"[1 1 1 1 1 1 0 0 1 1 1 0 0 0 0 1 0 0 1 1 0 0 1 1 1 1 0 1 0 1 0 1 1 1 1 0 1
 1 1 1]"
2,0.05793149517350654,"[1 1 0 0 0 0 0 0 1 0 0 0 1 0 1 1 0 1 1 0 1 1 0 1 1 0 1 1 0 0 0 1 0 1 0 0 0
 1 1 0]"
2,0.8868586248503861,"[1 1 1 1 1 1 0 0 1 1 1 1 0 0 0 1 1 1 0 1 0 0 0 1 0 0 0 0 0 1 0 0 0 0 1 0 1
 1 1 0]"
2,0.22972165234322306,"[1 1 0 1 1 1 0 0 1 1 1 1 1 0 1 1 1 1 0 1 0 0 0 1 0 0 0 0 0 1 0 0 0 0 1 0 0
 1 1 0]"
2,0.8815314229523308,"[1 1 1 1 1 1 0 0 1 1 0 0 1 0 1 0 1 1 0 1 0 0 0 0 1 0 0 0 0 0 0 0 1 0 1 0 1
 1 1 0]"
2,0.8834961607362707,"[1 1 1 1 1 1 0 0 1 1 0 1 1 0 0 1 0 0 1 1 1 0 0 1 0 0 1 1 1 0 0 0 0 0 1 0 0
 1 0 0]"
2,0.3859161676822724,"[1 1 1 0 1 0 0 0 1 0 1 1 1 1 1 1 1 1 1 1 0 0 0 1 0 0 0 0 0 0 0 0 1 0 1 0 1
 1 1 1]"
2,0.8887859595173248,"[1 1 1 1 1 1 0 0 1 1 1 1 1 1 1 1 1 1 1 0 0 0 0 0 0 0 0 0 1 0 0 0 0 0 1 0 1
 1 1 1]"
2,0.9522247052257911,"[1 1 1 1 1 1 1 0 1 0 1 1 1 1 1 1 1 1 1 1 0 1 0 1 0 0 1 0 0 0 0 0 0 0 1 0 1
 1 1 1]"
2,0.8800535632604864,"[1 1 1 1 1 1 0 0 1 0 1 1 1 1 1 1 1 1 1 1 0 1 0 1 0 0 0 0 0 0 0 0 0 0 1 1 1
 1 1 1]"
2,0.8871496983391145,"[1 1 1 1 1 1 0 0 1 1 1 1 0 0 1 1 1 1 1 1 0 0 0 1 0 0 0 0 0 0 0 1 0 0 1 0 0
 1 1 1]"
2,0.3840719259836202,"[1 1 1 0 1 0 0 0 1 0 1 0 0 0 1 1 0 1 1 0 0 1 1 1 1 1 0 1 0 1 1 1 0 1 0 0 1
 1 0 1]"
2,0.871385319570179,"[1 1 1 1 1 1 0 0 0 1 1 1 1 1 1 1 1 1 1 1 0 0 0 1 0 0 0 0 0 1 0 0 0 0 1 0 1
 1 1 1]"
2,0.7578317515276567,"[1 1 1 1 1 0 0 0 1 1 1 1 1 1 1 1 1 0 1 1 0 0 0 1 0 0 0 0 0 1 0 0 0 0 1 0 1
 1 1 1]"
2,0.32805817604952087,"[1 1 1 0 0 1 0 0 1 1 1 1 1 1 1 1 1 1 1 1 0 0 0 1 0 0 1 0 0 0 0 0 0 0 1 0 1
 1 1 1]"
step,fitness,genome
3,0.8876807792363113,"[1 1 1 1 1 1 0 0 1 1 1 1 0 1 1 1 1 1 0 1 0 0 0 1 0 0 1 0 0 0 0 1 0 0 1 0 0
 1 1 1]"
3,0.462427694246222,"[1 1 1 0 1 1 0 0 1 1 1 1 1 1 1 1 0 1 1 1 0 0 0 1 0 0 0 0 1 1 0 0 0 0 1 0 1
 1 1 1]"
3,0.92397058991799,"[1 1 1 1 1 1 0 1 1 1 1 1 1 0 1 1 1 1 0 1 0 0 0 1 0 1 0 0 0 0 0 0 0 0 1 0 1
 1 0 1]"
3,0.2245815203351224,"[1 1 0 1 1 1 0 0 0 1 1 1 1 0 1 1 1 1 1 1 0 0 0 1 0 0 0 0 0 0 0 0 0 0 1 0 1
 1 1 1]"
3,0.7502868255297159,"[1 1 1 1 1 0 0 0 1 0 1 1 1 1 1 1 1 1 1 1 0 0 0 1 0 1 0 0 1 0 0 0 1 0 1 0 1
 1 1 1]"
3,0.8882462975348805,"[1 1 1 1 1 1 0 0 1 1 1 1 1 0 1 1 1 1 1 1 0 0 0 1 0 0 0 0 0 0 0 0 0 0 1 0 1
 1 1 1]"
3,0.8887860935274488,"[1 1 1 1 1 1 0 0 1 1 1 1 1 1 1 1 1 1 1 0 0 0 0 0 0 1 0 0 1 0 0 0 0 0 1 0 1
 1 1 1]"
3,0.7577871844696172,"[1 1 1 1 1 0 0 0 1 1 1 1 1 1 1 1 0 1 0 1 0 0 0 1 0 0 0 0 1 1 0 0 0 0 1 0 1
 1 1 1]"
3,0.0007693656429412201,"[0 1 1 1 1 1 0 0 1 1 1 1 1 0 1 1 1 1 0 1 0 0 0 1 0 1 0 0 0 0 0 0 0 1 1 0 1
 1 1 1]"
3,0.8757087513563815,"[1 1 1 1 1 1 0 0 1 0 0 1 1 1 1 1 1 1 1 1 0 0 0 1 0 0 0 0 1 1 0 0 0 0 1 0 1
 1 1 1]"
3,0.952211016783265,"[1 1 1 1 1 1 1 0 1 0 1 1 1 1 1 1 1 1 0 1 1 1 0 1 0 0 1 0 0 0 0 0 0 0 1 0 1
 1 1 1]"
3,0.915674631830658,"[1 1 1 1 1 1 0 1 1 1 0 0 0 0 0 1 0 0 1 1 0 0 1 1 1 0 0 1 0 1 0 1 1 0 0 0 1
 1 1 1]"
3,0.8775448424356997,"[1 1 1 1 1 1 0 0 1 0 1 0 1 1 0 1 0 1 1 1 1 1 0 1 0 0 0 1 0 0 0 0 0 0 0 0 1
 1 1 1]"
3,0.04757888327521968,"[1 0 1 1 1 1 0 0 1 1 0 0 1 0 1 0 1 0 0 0 0 0 0 1 1 1 1 0 1 0 0 0 0 0 1 1 1
 1 1 0]"
3,0.8868607815480399,"[1 1 1 1 1 1 0 0 1 1 1 1 0 0 0 1 1 1 0 1 0 1 0 1 0 0 0 0 1 1 0 0 0 0 1 0 1
 1 1 0]"
3,0.8874066117246046,"[1 1 1 1 1 1 0 0 1 1 1 1 0 1 0 1 1 1 0 1 0 0 0 1 0 0 0 0 0 1 0 0 0 1 1 0 1
 1 1 0]"
3,0.8887950806228906,"[1 1 1 1 1 1 0 0 1 1 1 1 1 1 1 1 1 1 1 1 0 0 0 1 0 0 0 0 1 1 0 0 0 0 1 0 1
 1 1 1]"
3,0.8855204188714028,"[1 1 1 1 1 1 0 0 1 1 1 0 1 0 0 0 0 0 0 0 1 0 0 1 1 1 1 1 1 0 0 0 0 0 1 0 1
 1 1 0]"
3,0.8756931333734498,"[1 1 1 1 1 1 0 0 1 0 0 1 1 1 1 1 1 1 0 1 0 0 1 1 1 0 0 0 0 1 0 1 0 0 1 0 1
 1 1 0]"
3,0.461390268093441,"[1 1 1 0 1 1 0 0 1 1 1 1 0 0 0 1 1 1 0 1 0 0 0 1 0 0 0 0 1 1 0 0 0 0 1 0 1
 1 1 0]"
3,0.8815314230822383,"[1 1 1 1 1 1 0 0 1 1 0 0 1 0 1 0 1 1 0 1 0 0 0 0 1 0 0 0 0 0 0 0 1 0 1 1 1
 1 1 0]"
3,0.879490159292484,"[1 1 1 1 1 1 0 0 1 0 1 1 1 0 1 1 1 1 0 1 0 0 0 0 0 1 0 0 0 1 0 0 0 0 1 0 1
 1 1 0]"
3,0.22972169263755995,"[1 1 0 1 1 1 0 0 1 1 1 1 1 0 1 1 1 1 0 1 0 0 0 1 0 1 0 0 0 1 0 1 0 0 1 0 1
 1 1 0]"
3,0.6363782315037341,"[1 1 1 1 0 1 0 0 1 0 1 0 1 1 1 1 1 1 1 1 0 1 0 1 0 1 1 0 1 0 0 0 0 0 1 0 1
 1 1 1]"
3,0.8586973180435901,"[1 1 1 1 1 1 0 0 0 0 1 0 0 0 0 1 0 0 1 1 0 0 1 0 1 1 0 1 0 1 0 1 1 1 1 0 1
 1 1 0]"
step,fitness,genome
4,0.4551915169573919,"[1 1 1 0 1 1 0 0 1 0 0 1 1 1 1 1 1 1 0 1 0 0 1 1 1 0 0 0 0 1 0 1 0 0 1 1 1
 1 1 0]"
4,0.8815314230822383,"[1 1 1 1 1 1 0 0 1 1 0 0 1 0 1 0 1 1 0 1 0 0 0 0 1 0 0 0 0 0 0 0 1 0 1 1 1
 1 1 0]"
4,0.888795072247181,"[1 1 1 1 1 1 0 0 1 1 1 1 1 1 1 1 1 1 1 1 0 0 0 1 0 0 0 0 1 0 0 0 0 0 1 0 1
 1 1 1]"
4,0.870846278516963,"[1 1 1 1 1 1 0 0 0 1 1 1 1 0 1 1 1 1 1 1 0 0 0 1 0 0 0 1 0 1 0 0 0 0 1 0 1
 1 1 1]"
4,0.9507519373557338,"[1 1 1 1 1 1 1 0 1 0 1 1 0 1 0 1 1 1 0 1 1 1 0 1 0 0 1 0 0 0 1 0 0 0 1 1 1
 1 1 1]"
4,0.4621606877523239,"[1 1 1 0 1 1 0 0 1 1 1 1 1 0 1 1 1 1 1 1 0 0 0 0 0 0 0 0 0 0 0 0 0 0 1 0 1
 1 1 1]"
4,0.2403313664656665,"[1 1 0 1 1 1 0 1 1 1 1 1 1 0 1 1 1 1 0 1 0 0 0 1 0 1 0 0 0 0 0 0 0 0 1 0 1
 1 0 1]"
4,0.8757087513402396,"[1 1 1 1 1 1 0 0 1 0 0 1 1 1 1 1 1 1 1 1 0 0 0 1 0 0 0 0 1 1 0 0 0 0 1 0 1
 1 0 1]"
4,0.8856058892230564,"[1 1 1 1 1 1 0 0 1 1 1 0 1 0 0 0 1 0 1 0 1 0 0 1 1 1 1 1 0 0 0 0 0 1 1 0 1
 1 1 0]"
4,0.8794901593005863,"[1 1 1 1 1 1 0 0 1 0 1 1 1 0 1 1 1 1 0 1 0 0 0 0 0 1 0 0 0 1 0 0 0 0 1 0 1
 1 1 1]"
4,0.0007679318632304337,"[0 1 1 1 1 1 0 0 1 1 1 1 0 1 0 1 1 1 0 1 1 0 0 1 1 0 0 0 0 1 0 0 1 1 1 0 1
 1 1 0]"
4,0.7502868246167635,"[1 1 1 1 1 0 0 0 1 0 1 1 1 1 1 1 1 1 1 1 0 0 0 1 0 1 0 0 1 0 0 0 0 0 1 0 1
 1 0 1]"
4,0.879481663457179,"[1 1 1 1 1 1 0 0 1 0 1 1 1 0 1 1 1 1 0 0 0 0 0 0 0 1 0 0 0 1 0 0 0 0 1 0 1
 1 1 0]"
4,0.8887946702132085,"[1 1 1 1 1 1 0 0 1 1 1 1 1 1 1 1 1 1 1 1 0 0 0 0 0 1 0 0 1 0 0 0 0 0 1 0 1
 1 1 1]"
4,0.92397058991799,"[1 1 1 1 1 1 0 1 1 1 1 1 1 0 1 1 1 1 0 1 0 0 0 1 0 1 0 0 0 0 0 0 0 0 1 0 1
 1 0 1]"
4,0.8855204209583856,"[1 1 1 1 1 1 0 0 1 1 1 0 1 0 0 0 0 0 0 0 1 0 0 1 1 1 1 1 1 0 0 1 0 0 1 0 1
 1 1 0]"
4,0.9239750307399648,"[1 1 1 1 1 1 0 1 1 1 1 1 1 0 1 1 1 1 0 1 1 0 0 1 0 1 0 0 0 0 0 0 0 0 1 0 1
 1 0 1]"
4,0.952211016783265,"[1 1 1 1 1 1 1 0 1 0 1 1 1 1 1 1 1 1 0 1 1 1 0 1 0 0 1 0 0 0 0 0 0 0 1 0 1
 1 1 1]"
4,0.8713854674153843,"[1 1 1 1 1 1 0 0 0 1 1 1 1 1 1 1 1 1 1 1 0 0 0 1 0 1 0 0 1 1 0 0 0 0 0 0 1
 1 1 1]"
4,0.8855202853045154,"[1 1 1 1 1 1 0 0 1 1 1 0 1 0 0 0 0 0 0 0 1 0 0 1 1 0 1 1 1 0 0 0 0 0 1 0 1
 1 1 0]"
4,0.050083979181407626,"[1 0 1 1 1 1 0 1 1 1 0 0 0 0 1 1 0 0 1 0 0 0 1 1 1 0 0 1 0 1 0 1 1 0 0 0 1
 1 1 1]"
4,0.879490159292484,"[1 1 1 1 1 1 0 0 1 0 1 1 1 0 1 1 1 1 0 1 0 0 0 0 0 1 0 0 0 1 0 0 0 0 1 0 1
 1 1 0]"
4,0.8800403471138882,"[1 1 1 1 1 1 0 0 1 0 1 1 1 1 1 1 1 1 0 1 1 1 0 0 0 0 1 0 0 0 0 0 0 0 1 0 0
 1 1 1]"
4,0.00039573475630371845,"[0 1 1 1 0 1 0 0 1 1 1 1 0 0 0 1 1 1 0 1 0 1 0 1 0 0 0 0 1 1 0 0 0 0 1 0 1
 1 1 0]"
4,0.8887866630706786,"[1 1 1 1 1 1 0 0 1 1 1 1 1 1 1 1 1 1 1 0 0 0 0 1 0 1 0 1 1 0 0 0 0 0 1 0 1
 1 1 1]"
step,fitness,genome
5,0.8778672619573867,"[1 1 1 1 1 1 0 0 1 0 1 0 1 1 1 1 1 1 0 1 1 1 0 1 0 1 1 0 0 0 0 0 0 0 1 0 1
 0 1 1]"
5,0.9581664990564832,"[1 1 1 1 1 1 1 0 1 1 1 0 1 0 0 0 1 0 0 0 1 0 0 1 1 0 1 1 0 0 0 0 1 1 1 1 1
 1 1 0]"
5,0.9507519373557338,"[1 1 1 1 1 1 1 0 1 0 1 1 0 1 0 1 1 1 0 1 1 1 0 1 0 0 1 0 0 0 1 0 0 0 1 1 1
 1 1 1]"
5,0.8887838656769341,"[1 1 1 1 1 1 0 0 1 1 1 1 1 1 1 1 1 1 0 1 1 1 0 0 0 0 1 0 0 0 0 0 0 0 1 1 0
 1 1 1]"
5,0.888795072247181,"[1 1 1 1 1 1 0 0 1 1 1 1 1 1 1 1 1 1 1 1 0 0 0 1 0 0 0 0 1 0 0 0 0 0 1 0 1
 1 1 1]"
5,0.8887946702132085,"[1 1 1 1 1 1 0 0 1 1 1 1 1 1 1 1 1 1 1 1 0 0 0 0 0 1 0 0 1 0 0 0 0 0 1 0 1
 1 1 1]"
5,0.8856486374888775,"[1 1 1 1 1 1 0 0 1 1 1 0 1 0 0 0 1 1 1 1 1 0 0 1 1 1 1 1 0 0 0 1 0 1 1 1 1
 1 1 0]"
5,0.9980950318232168,"[1 1 1 1 1 1 1 1 1 1 1 1 0 0 1 1 1 0 0 0 0 0 0 1 0 1 0 0 0 0 0 0 0 0 1 0 1
 1 0 1]"
5,0.9245564064850307,"[1 1 1 1 1 1 0 1 1 1 1 1 1 1 1 1 1 1 1 1 0 0 0 0 0 1 0 0 1 0 0 0 0 0 1 0 1
 1 1 1]"
5,0.8856069575907328,"[1 1 1 1 1 1 0 0 1 1 1 0 1 0 0 0 1 0 1 0 1 0 1 1 1 1 1 1 0 0 0 0 0 1 0 0 1
 1 1 0]"
5,0.9507519373557338,"[1 1 1 1 1 1 1 0 1 0 1 1 0 1 0 1 1 1 0 1 1 1 0 1 0 0 1 0 0 0 1 0 0 0 1 1 1
 1 1 1]"
5,0.9239705226986643,"[1 1 1 1 1 1 0 1 1 1 1 1 1 0 1 1 1 1 0 1 0 0 0 1 0 0 1 0 0 0 0 1 0 0 1 0 1
 1 0 1]"
5,0.6885919777431533,"[1 1 1 1 0 1 1 0 1 0 0 1 1 1 1 1 1 1 0 1 1 1 0 1 0 0 1 0 0 0 0 0 0 0 1 0 1
 1 1 1]"
5,0.9522110256949539,"[1 1 1 1 1 1 1 0 1 0 1 1 1 1 1 1 1 1 0 1 1 1 0 1 0 0 1 0 0 1 0 0 0 0 1 0 1
 1 1 1]"
5,0.94290983629644,"[1 1 1 1 1 1 1 0 0 1 1 1 1 1 1 1 1 1 1 0 0 0 0 1 0 0 0 1 1 0 0 0 0 0 1 0 1
 1 1 1]"
5,0.879490159292484,"[1 1 1 1 1 1 0 0 1 0 1 1 1 0 1 1 1 1 0 1 0 0 0 0 0 1 0 0 0 1 0 0 0 0 1 0 1
 1 1 0]"
5,0.0007475566501396284,"[0 1 1 1 1 1 0 0 1 0 0 1 1 1 1 1 1 1 1 1 0 0 0 1 0 0 0 0 1 1 0 0 0 0 1 0 1
 0 1 1]"
5,0.8800514379405067,"[1 1 1 1 1 1 0 0 1 0 1 1 1 1 1 1 1 1 1 1 0 0 0 1 0 0 0 0 0 0 0 0 0 0 1 0 1
 1 1 1]"
5,0.9507513677944187,"[1 1 1 1 1 1 1 0 1 0 1 1 0 1 0 1 1 1 0 1 1 1 0 0 0 0 1 0 0 0 1 0 0 0 1 1 1
 1 1 1]"
5,0.4820299272840484,"[1 1 1 0 1 1 0 1 1 1 1 1 1 0 1 1 1 1 0 1 1 0 0 1 0 1 0 0 0 1 0 0 0 0 1 0 1
 1 0 0]"
5,0.9239706072564433,"[1 1 1 1 1 1 0 1 1 1 1 1 1 0 1 1 1 1 0 1 0 0 0 1 0 1 0 0 1 0 0 0 0 0 1 0 1
 1 0 0]"
5,0.8844136720851788,"[1 1 1 1 1 1 0 0 1 1 0 1 1 1 1 1 1 1 1 1 0 0 0 1 0 1 0 0 1 0 0 0 0 0 1 0 1
 1 1 1]"
5,0.9239708674688006,"[1 1 1 1 1 1 0 1 1 1 1 1 1 0 1 1 1 1 0 1 0 0 0 1 1 1 0 0 0 0 0 0 0 0 1 0 1
 1 0 1]"
5,0.019756544676640855,"[1 0 1 0 1 1 0 0 1 1 1 0 1 0 0 0 0 0 0 0 1 0 0 1 1 0 1 1 1 0 0 0 0 0 1 0 1
 1 1 0]"
5,0.6445515882760133,"[1 1 1 1 0 1 0 0 1 1 1 1 1 1 1 1 1 1 1 1 0 0 1 1 0 0 0 0 1 0 0 0 0 0 1 0 1
 1 1 1]"
step,fitness,genome
6,0.958166499065235,"[1 1 1 1 1 1 1 0 1 1 1 0 1 0 0 0 1 0 0 0 1 0 0 1 1 0 1 1 0 0 0 0 1 1 1 1 1
 1 1 1]"
6,0.884379518017578,"[1 1 1 1 1 1 0 0 1 1 0 1 1 1 1 1 1 0 1 1 0 0 0 1 0 1 0 0 1 0 0 0 0 0 1 0 1
 1 1 1]"
6,0.9507519373557338,"[1 1 1 1 1 1 1 0 1 0 1 1 0 1 0 1 1 1 0 1 1 1 0 1 0 0 1 0 0 0 1 0 0 0 1 1 1
 1 1 1]"
6,0.9507519373557338,"[1 1 1 1 1 1 1 0 1 0 1 1 0 1 0 1 1 1 0 1 1 1 0 1 0 0 1 0 0 0 1 0 0 0 1 1 1
 1 1 1]"
6,0.9613206765091494,"[1 1 1 1 1 1 1 0 1 1 1 1 1 1 0 1 1 1 1 1 1 1 0 0 1 1 1 0 0 0 1 0 0 0 1 1 1
 0 1 1]"
6,0.8800344533170873,"[1 1 1 1 1 1 0 0 1 0 1 1 1 1 1 1 1 1 0 1 0 0 0 1 0 0 0 0 1 0 0 0 0 0 1 1 1
 1 1 1]"
6,0.9429109670292397,"[1 1 1 1 1 1 1 0 0 1 1 1 1 1 1 1 1 1 1 0 0 0 1 1 0 0 0 1 1 0 0 0 0 0 1 1 0
 1 1 1]"
6,0.9322520266924409,"[1 1 1 1 1 1 1 0 0 0 1 1 0 1 0 1 1 1 0 1 1 1 0 0 0 0 1 1 0 0 1 0 0 0 1 1 1
 1 1 1]"
6,0.49436529430788556,"[1 1 1 0 1 1 1 0 1 0 0 1 0 1 0 1 1 1 1 1 1 1 0 1 0 0 1 0 0 0 1 0 1 0 1 1 1
 1 1 0]"
6,0.8887946723071349,"[1 1 1 1 1 1 0 0 1 1 1 1 1 1 1 1 1 1 1 1 0 0 0 0 0 1 0 0 1 0 0 1 0 0 1 0 1
 1 1 1]"
6,0.9336838195275109,"[1 1 1 1 1 1 1 0 0 0 1 1 1 1 1 1 1 1 0 1 1 0 0 1 0 0 1 0 0 0 1 0 0 0 1 1 1
 1 1 1]"
6,0.94290983629644,"[1 1 1 1 1 1 1 0 0 1 1 1 1 1 1 1 1 1 1 0 0 0 0 1 0 0 0 1 1 0 0 0 0 0 1 0 1
 1 1 1]"
6,0.950751937347043,"[1 1 1 1 1 1 1 0 1 0 1 1 0 1 0 1 1 1 0 1 1 1 0 1 0 0 1 0 0 0 1 0 0 0 1 1 1
 1 1 0]"
6,0.9239706072564433,"[1 1 1 1 1 1 0 1 1 1 1 1 1 0 1 1 1 1 0 1 0 0 0 1 0 1 0 0 1 0 0 0 0 0 1 0 1
 1 0 0]"
6,0.9228346830907934,"[1 1 1 1 1 1 0 1 1 1 1 1 0 0 1 1 1 1 0 1 0 0 0 1 1 1 0 1 0 0 0 0 0 0 1 0 1
 1 0 1]"
6,0.9522111682819853,"[1 1 1 1 1 1 1 0 1 0 1 1 1 1 1 1 1 1 0 1 1 1 0 1 0 1 1 0 0 1 0 0 0 0 1 0 1
 1 1 1]"
6,0.924272072763462,"[1 1 1 1 1 1 0 1 1 1 1 1 1 1 0 1 1 1 1 1 0 0 0 0 0 1 0 0 1 0 0 0 1 0 1 0 1
 1 1 1]"
6,0.9417526855626605,"[1 1 1 1 1 1 1 0 0 1 1 1 0 1 1 1 1 1 1 0 0 0 0 1 0 0 0 1 1 1 0 0 0 0 1 0 1
 1 1 1]"
6,0.9507519462551318,"[1 1 1 1 1 1 1 0 1 0 1 1 0 1 0 1 1 1 0 1 1 1 0 1 0 0 1 0 0 1 1 0 0 0 1 1 1
 1 1 1]"
6,0.9506061752571595,"[1 1 1 1 1 1 1 0 1 0 1 1 0 1 0 0 1 1 0 1 1 1 0 1 0 0 1 1 0 0 1 0 0 0 1 1 1
 1 0 1]"
6,0.9519190440118992,"[1 1 1 1 1 1 1 0 1 0 1 1 1 1 0 1 1 1 0 1 1 1 0 1 0 0 1 0 0 0 1 0 0 1 1 1 1
 1 1 1]"
6,0.9787723116749188,"[1 1 1 1 1 1 1 1 0 1 1 1 0 0 1 1 1 0 0 0 1 0 0 1 0 0 0 0 0 0 0 0 0 0 1 0 1
 1 0 1]"
6,0.8887838656769341,"[1 1 1 1 1 1 0 0 1 1 1 1 1 1 1 1 1 1 0 1 1 1 0 0 0 0 1 0 0 0 0 0 0 0 1 1 0
 1 1 1]"
6,0.49257866114577775,"[1 1 1 0 1 1 1 0 0 1 1 1 1 1 1 1 1 1 1 0 0 0 0 1 0 0 0 1 1 0 0 0 1 0 1 0 1
 1 1 1]"
6,0.02191733197099824,"[1 0 1 0 1 1 1 0 1 0 1 1 0 1 0 1 1 1 0 1 1 1 0 0 0 0 1 0 0 0 1 1 0 0 1 1 1
 1 1 1]"
step,fitness,genome
7,0.9739934217420622,"[1 1 1 1 1 1 1 1 0 1 0 1 0 0 1 1 1 0 0 0 1 0 0 1 0 0 0 0 0 0 1 0 0 0 1 0 1
 1 0 0]"
7,0.9519190529211287,"[1 1 1 1 1 1 1 0 1 0 1 1 1 1 0 1 1 1 0 1 1 1 0 1 0 0 1 0 0 1 1 0 0 1 1 1 1
 1 1 1]"
7,0.9519196136111088,"[1 1 1 1 1 1 1 0 1 0 1 1 1 1 0 1 1 1 0 1 1 1 1 0 0 0 1 0 0 0 1 0 0 0 1 1 1
 0 1 1]"
7,0.5125928102539424,"[1 1 1 0 1 1 1 1 0 1 1 1 0 0 1 1 1 0 0 0 1 0 0 1 0 0 0 0 0 1 0 0 0 0 1 0 1
 1 0 1]"
7,0.9606949804579028,"[1 1 1 1 1 1 1 0 1 1 1 1 1 0 0 1 1 0 1 1 1 1 0 0 1 1 1 0 0 0 1 0 0 0 0 1 1
 0 1 1]"
7,0.9613183754854979,"[1 1 1 1 1 1 1 0 1 1 1 1 1 1 0 1 1 1 1 1 1 0 0 0 1 1 1 0 0 0 1 0 0 0 1 1 1
 0 1 1]"
7,0.9522111682819853,"[1 1 1 1 1 1 1 0 1 0 1 1 1 1 1 1 1 1 0 1 1 1 0 1 0 1 1 0 0 1 0 0 0 0 1 0 1
 1 1 1]"
7,0.685111533476582,"[1 1 1 1 0 1 1 0 0 1 1 1 1 1 1 1 1 1 1 0 0 0 0 1 0 0 0 1 1 1 0 0 0 0 1 0 1
 1 1 1]"
7,0.835871193820551,"[1 1 1 1 1 0 1 1 0 1 1 1 0 0 1 1 1 0 0 0 1 0 0 1 0 0 0 0 0 0 0 0 0 0 1 0 1
 1 0 1]"
7,0.9411251399734665,"[1 1 1 1 1 1 1 0 0 1 1 1 0 0 1 1 1 0 0 0 1 0 0 1 1 0 0 0 0 0 0 0 0 0 1 0 0
 1 0 1]"
7,0.000902339161514124,"[0 1 1 1 1 1 1 0 1 1 1 1 1 1 0 1 1 1 1 1 1 1 1 0 1 1 1 0 0 0 1 0 0 0 1 1 0
 0 1 1]"
7,0.9507713026144723,"[1 1 1 1 1 1 1 0 1 0 1 1 0 1 0 1 1 1 1 1 1 1 1 1 0 0 1 0 0 0 1 0 0 0 1 1 1
 1 1 0]"
7,0.950751946246441,"[1 1 1 1 1 1 1 0 1 0 1 1 0 1 0 1 1 1 0 1 1 1 0 1 0 0 1 0 0 1 1 0 0 0 1 1 1
 1 1 0]"
7,0.9507519468113442,"[1 1 1 1 1 1 1 0 1 0 1 1 0 1 0 1 1 1 0 1 1 1 0 1 0 0 1 0 0 1 1 0 0 1 1 1 1
 1 1 1]"
7,0.8786987001721405,"[1 1 1 1 1 1 0 0 1 0 1 1 0 1 0 1 1 1 1 1 1 1 0 1 0 0 1 0 0 0 1 0 0 0 0 1 0
 1 1 0]"
7,0.950751937347043,"[1 1 1 1 1 1 1 0 1 0 1 1 0 1 0 1 1 1 0 1 1 1 0 1 0 0 1 0 0 0 1 0 0 0 1 1 1
 1 1 0]"
7,0.9739934172034665,"[1 1 1 1 1 1 1 1 0 1 0 1 0 0 1 1 1 0 0 0 1 0 0 1 0 0 0 0 0 0 0 0 0 0 1 0 1
 1 0 1]"
7,0.9507520174503185,"[1 1 1 1 1 1 1 0 1 0 1 1 0 1 0 1 1 1 0 1 1 1 0 1 0 1 0 0 0 1 1 0 0 0 1 1 1
 1 1 1]"
7,0.9519190438726924,"[1 1 1 1 1 1 1 0 1 0 1 1 1 1 0 1 1 1 0 1 1 1 0 1 0 0 1 0 0 0 1 0 0 1 1 0 1
 1 1 1]"
7,0.9787746865198549,"[1 1 1 1 1 1 1 1 0 1 1 1 0 0 1 1 1 0 0 0 1 1 0 1 0 0 0 1 0 0 0 0 0 0 0 0 1
 1 0 1]"
7,0.9242787880161357,"[1 1 1 1 1 1 0 1 1 1 1 1 1 1 0 1 1 1 1 1 1 1 0 0 0 1 1 0 0 0 0 0 1 0 1 0 1
 1 1 1]"
7,0.8065224245374274,"[1 1 1 1 1 0 1 0 1 0 0 0 1 1 0 1 1 1 0 1 1 1 0 1 0 0 1 0 0 0 1 0 0 1 1 1 1
 1 1 1]"
7,0.9411251401801444,"[1 1 1 1 1 1 1 0 0 1 1 1 0 0 1 1 1 0 0 0 1 0 0 1 1 0 0 0 0 0 0 0 0 0 1 1 1
 1 0 1]"
7,0.9964253881786572,"[1 1 1 1 1 1 1 1 1 1 1 0 1 0 0 0 1 0 0 0 1 0 0 1 0 0 1 0 0 0 0 0 1 0 1 0 1
 1 1 1]"
7,0.2486650674881921,"[1 1 0 1 1 1 1 0 1 0 1 1 1 1 0 1 1 1 0 1 1 1 0 1 0 0 1 0 0 0 1 1 0 1 1 1 1
 1 1 1]"
step,fitness,genome
8,0.7120311229981199,"[1 1 1 1 0 1 1 1 0 1 1 1 0 0 1 1 1 0 0 0 1 1 0 1 0 0 0 0 0 0 0 0 0 0 0 0 1
 1 0 1]"
8,0.9739189138620943,"[1 1 1 1 1 1 1 1 0 1 0 1 0 0 1 1 0 0 0 0 1 0 0 1 0 0 0 0 0 0 0 0 0 0 1 0 1
 0 0 1]"
8,0.9519190438726924,"[1 1 1 1 1 1 1 0 1 0 1 1 1 1 0 1 1 1 0 1 1 1 0 1 0 0 1 0 0 0 1 0 0 1 1 0 1
 1 1 1]"
8,0.8748818916355506,"[1 1 1 1 1 1 0 0 1 0 0 1 1 0 0 1 1 1 0 1 0 1 0 1 0 0 1 0 0 0 1 0 0 1 1 0 1
 1 1 1]"
8,0.04322566442994527,"[1 0 1 1 1 0 1 0 1 1 1 1 1 1 0 0 1 1 1 1 1 0 0 0 1 1 0 0 0 0 1 0 0 0 1 1 1
 0 1 1]"
8,0.9739934223104969,"[1 1 1 1 1 1 1 1 0 1 0 1 0 0 1 1 1 0 0 0 1 0 0 1 0 0 0 0 0 0 1 0 0 1 1 0 1
 1 0 0]"
8,0.9466771386758328,"[1 1 1 1 1 1 1 0 1 0 0 1 1 0 0 1 1 1 0 1 1 1 0 1 0 0 0 0 0 1 1 0 0 0 1 1 1
 1 1 1]"
8,0.9745896311791433,"[1 1 1 1 1 1 1 1 0 1 0 1 0 1 1 1 1 0 0 0 1 0 0 1 0 0 0 0 0 0 0 1 0 1 1 0 1
 1 0 1]"
8,0.9648056535765751,"[1 1 1 1 1 1 1 1 0 0 0 1 0 1 0 1 1 0 0 1 1 1 0 1 0 0 1 0 0 1 1 0 0 1 1 1 1
 1 1 1]"
8,0.936565701380105,"[1 1 1 1 1 1 1 0 0 1 0 1 0 0 1 1 1 1 1 0 1 0 0 1 0 0 0 0 0 0 0 0 0 0 1 0 1
 1 0 1]"
8,0.05603955647795133,"[1 0 1 1 1 1 1 1 1 1 1 0 1 0 0 0 0 0 0 0 1 0 0 1 0 0 1 0 0 0 0 0 1 0 1 0 1
 1 1 1]"
8,0.5242873634044932,"[1 1 1 0 1 1 1 1 1 1 1 1 1 1 0 1 1 1 1 1 1 0 0 0 1 1 0 0 0 0 1 0 0 0 1 1 1
 0 1 1]"
8,0.9519194754135819,"[1 1 1 1 1 1 1 0 1 0 1 1 1 1 0 1 1 1 0 1 1 1 0 1 1 1 1 0 0 1 0 0 0 0 1 0 1
 1 1 1]"
8,0.9887651129738246,"[1 1 1 1 1 1 1 1 1 0 1 1 0 1 0 1 1 1 1 1 1 1 1 1 0 0 0 0 0 0 1 0 0 0 1 1 1
 1 1 1]"
8,0.24866507497412568,"[1 1 0 1 1 1 1 0 1 0 1 1 1 1 0 1 1 1 0 1 1 1 0 1 0 0 1 0 1 1 1 0 1 0 1 1 1
 1 1 1]"
8,0.9990448042719595,"[1 1 1 1 1 1 1 1 1 1 1 1 1 0 0 1 1 0 1 1 1 1 0 0 1 1 0 0 0 0 1 0 0 0 0 1 1
 0 1 1]"
8,0.9365120407374509,"[1 1 1 1 1 1 1 0 0 1 0 1 0 0 1 1 1 0 0 0 1 0 0 1 1 0 0 0 0 0 0 0 0 0 1 1 1
 0 0 1]"
8,0.9460918527992411,"[1 1 1 1 1 1 1 0 1 0 0 1 0 1 0 1 1 1 0 1 0 1 0 1 0 0 1 0 0 1 1 0 0 0 1 1 1
 1 1 0]"
8,0.9613029875172473,"[1 1 1 1 1 1 1 0 1 1 1 1 1 1 0 1 1 1 0 1 1 1 1 0 0 0 1 0 0 0 1 0 0 0 1 1 1
 0 1 1]"
8,0.44160434472200794,"[1 1 1 0 1 0 1 1 1 1 1 0 1 0 0 0 1 0 0 0 1 0 0 1 0 0 1 0 0 0 0 0 1 0 1 0 1
 0 1 1]"
8,0.9589647269874834,"[1 1 1 1 1 1 1 0 1 1 1 0 1 1 0 1 1 1 1 1 1 0 0 0 1 1 1 0 0 0 1 0 0 0 1 1 1
 0 1 1]"
8,0.23969113970578865,"[1 1 0 1 1 1 0 1 1 1 1 0 1 1 0 0 1 0 1 0 1 0 0 1 0 0 1 0 0 0 0 0 1 0 1 0 1
 1 1 1]"
8,0.9644985808822888,"[1 1 1 1 1 1 1 1 0 0 0 1 0 0 1 1 1 0 0 0 1 0 0 1 0 0 0 0 0 0 1 0 0 0 1 0 1
 1 0 0]"
8,0.9507520174503185,"[1 1 1 1 1 1 1 0 1 0 1 1 0 1 0 1 1 1 0 1 1 1 0 1 0 1 0 0 0 1 1 0 0 0 1 1 1
 1 1 1]"
8,0.9739935672258238,"[1 1 1 1 1 1 1 1 0 1 0 1 0 0 1 1 1 0 0 0 1 0 0 1 0 1 0 0 0 0 1 0 0 0 1 0 1
 0 0 0]"
step,fitness,genome
9,0.9739375389234878,"[1 1 1 1 1 1 1 1 0 1 0 1 0 0 1 1 0 0 1 0 1 0 0 1 0 0 0 0 0 0 0 0 0 0 0 0 1
 0 0 1]"
9,0.9613029875172473,"[1 1 1 1 1 1 1 0 1 1 1 1 1 1 0 1 1 1 0 1 1 1 1 0 0 0 1 0 0 0 1 0 0 0 1 1 1
 0 1 1]"
9,0.5242873633231104,"[1 1 1 0 1 1 1 1 1 1 1 1 1 1 0 1 1 1 1 1 1 0 0 0 1 1 0 0 0 0 1 0 0 0 1 0 1
 0 1 1]"
9,0.9739934223104969,"[1 1 1 1 1 1 1 1 0 1 0 1 0 0 1 1 1 0 0 0 1 0 0 1 0 0 0 0 0 0 1 0 0 1 1 0 1
 1 0 0]"
9,0.0002422090385920402,"[0 1 1 0 1 1 1 1 0 1 0 1 0 1 1 1 1 0 0 0 1 1 0 1 0 0 0 0 0 0 0 1 0 1 1 0 1
 1 0 1]"
9,0.9521357340718714,"[1 1 1 1 1 1 1 0 1 0 1 1 1 1 1 1 0 1 0 1 1 0 0 1 0 0 1 0 0 0 0 0 0 1 1 0 1
 1 1 1]"
9,0.9739375391366398,"[1 1 1 1 1 1 1 1 0 1 0 1 0 0 1 1 0 0 1 0 1 0 0 1 0 0 0 0 0 0 0 0 0 0 1 0 0
 0 0 1]"
9,0.9519191953296039,"[1 1 1 1 1 1 1 0 1 0 1 1 1 1 0 1 1 1 0 1 1 1 0 1 0 1 1 0 0 1 1 0 0 1 1 0 1
 1 1 1]"
9,0.680312342714426,"[1 1 1 1 0 1 1 0 0 1 0 1 0 0 1 1 1 0 0 0 1 0 0 1 0 0 0 0 0 1 1 0 0 0 0 0 1
 1 0 0]"
9,0.053246135054302,"[1 0 1 1 1 1 1 0 1 1 1 0 1 1 0 1 0 1 1 1 1 0 0 0 1 1 1 1 0 0 1 0 0 0 1 1 1
 0 1 1]"
9,9.453867524430082e-07,"[0 0 1 1 1 1 1 1 1 1 1 1 0 0 0 1 1 0 1 1 0 1 0 0 1 1 0 0 0 0 1 0 0 0 0 1 1
 0 1 1]"
9,0.9739958955459861,"[1 1 1 1 1 1 1 1 0 1 0 1 0 0 1 1 1 0 0 0 1 1 0 1 0 1 0 0 0 0 1 0 0 0 1 0 1
 0 0 1]"
9,0.9984448922410711,"[1 1 1 1 1 1 1 1 1 1 1 1 0 1 0 1 1 1 0 0 1 1 0 1 0 0 1 0 0 0 1 0 0 1 1 0 1
 1 1 1]"
9,0.9285145589024282,"[1 1 1 1 1 1 1 0 0 0 0 1 1 0 1 1 1 0 1 1 1 0 0 1 0 0 0 0 0 1 1 0 0 1 1 0 1
 1 0 0]"
9,0.9739934381556138,"[1 1 1 1 1 1 1 1 0 1 0 1 0 0 1 1 1 0 0 0 1 0 0 1 0 0 0 0 1 0 0 1 0 1 1 0 0
 1 0 0]"
9,0.9519377751366385,"[1 1 1 1 1 1 1 0 1 0 1 1 1 1 0 1 1 1 1 1 1 1 0 1 1 1 1 1 1 1 0 0 0 0 1 0 1
 1 1 1]"
9,0.9648056541401816,"[1 1 1 1 1 1 1 1 0 0 0 1 0 1 0 1 1 0 0 1 1 1 0 1 0 0 1 0 0 1 1 0 1 0 1 1 1
 1 1 1]"
9,0.9644985808822888,"[1 1 1 1 1 1 1 1 0 0 0 1 0 0 1 1 1 0 0 0 1 0 0 1 0 0 0 0 0 0 1 0 0 0 1 0 1
 1 0 0]"
9,0.0009167502637688858,"[0 1 1 1 1 1 1 1 0 0 1 1 0 0 0 1 1 0 0 0 1 1 0 0 0 0 1 0 0 0 0 0 0 1 1 0 1
 1 0 1]"
9,0.7086697859715435,"[1 1 1 1 0 1 1 1 0 1 0 1 0 1 0 1 1 0 0 1 0 1 0 1 0 0 0 0 0 1 1 0 0 0 0 1 1
 1 1 1]"
9,0.9322346536767653,"[1 1 1 1 1 1 1 0 0 0 1 1 0 1 0 1 1 0 1 1 1 1 0 1 0 0 1 0 0 1 1 0 0 0 1 1 1
 0 1 1]"
9,0.8497734400170028,"[1 1 1 1 1 0 1 1 1 1 0 1 1 1 0 1 1 1 0 0 1 1 1 0 0 0 1 0 0 0 1 0 0 1 1 0 1
 1 1 1]"
9,0.05159671264058082,"[1 0 1 1 1 1 1 0 0 1 0 1 0 0 1 1 1 1 1 0 1 0 0 1 0 0 0 0 0 0 0 1 0 0 1 0 1
 1 0 1]"
9,0.9947842104500515,"[1 1 1 1 1 1 1 1 1 1 0 1 1 1 0 1 1 0 1 1 1 1 0 0 1 1 0 0 0 0 0 0 0 0 0 1 1
 0 1 1]"
9,0.9990448042719595,"[1 1 1 1 1 1 1 1 1 1 1 1 1 0 0 1 1 0 1 1 1 1 0 0 1 1 0 0 0 0 1 0 0 0 0 1 1
 0 1 1]"
step,fitness,genome
10,0.5235905554684808,"[1 1 1 0 1 1 1 1 1 1 1 1 0 1 0 1 1 1 0 0 1 1 0 1 0 0 1 0 0 1 1 0 0 1 1 0 1
 1 1 1]"
10,0.7274875600703212,"[1 1 1 1 0 1 1 1 1 1 1 1 1 0 1 1 1 0 1 1 1 1 0 0 1 1 0 1 0 0 1 0 0 0 0 1 1
 0 1 1]"
10,0.9941768916659712,"[1 1 1 1 1 1 1 1 1 1 0 1 1 0 0 1 1 0 1 1 1 1 0 0 1 1 0 0 0 0 0 0 0 0 0 1 1
 0 1 1]"
10,0.9612814881576612,"[1 1 1 1 1 1 1 0 1 1 1 1 1 1 0 1 1 0 1 1 1 0 0 0 1 1 0 0 0 0 1 0 0 1 0 1 1
 0 1 1]"
10,0.9739958955459861,"[1 1 1 1 1 1 1 1 0 1 0 1 0 0 1 1 1 0 0 0 1 1 0 1 0 1 0 0 0 0 1 0 0 0 1 0 1
 0 0 1]"
10,0.05435740367855025,"[1 0 1 1 1 1 1 1 0 1 0 1 0 0 1 0 1 0 0 0 1 0 0 1 0 1 0 0 0 0 1 0 0 0 1 1 1
 0 0 1]"
10,0.04328496931227156,"[1 0 1 1 1 0 1 1 0 0 0 0 0 0 1 1 1 0 0 0 1 0 0 1 0 0 0 0 0 0 1 1 0 0 1 0 1
 1 0 0]"
10,0.9716118589879378,"[1 1 1 1 1 1 1 1 0 1 0 0 0 0 1 1 1 0 0 0 1 0 0 1 0 0 0 0 0 0 1 0 0 1 1 0 1
 1 0 0]"
10,0.05418561502961325,"[1 0 1 1 1 1 1 1 0 1 0 0 0 0 1 1 0 0 0 0 1 0 0 1 0 0 0 0 0 0 0 0 0 0 0 0 1
 0 0 1]"
10,0.5244580656408275,"[1 1 1 0 1 1 1 1 1 1 1 1 1 1 1 1 1 1 1 1 1 0 0 0 1 1 0 0 0 1 1 0 0 0 1 0 1
 1 0 1]"
10,0.9231160249210991,"[1 1 1 1 1 1 0 1 1 1 1 1 0 1 0 1 1 1 0 0 1 1 0 1 0 0 1 0 0 0 1 0 0 1 1 0 1
 1 1 1]"
10,0.9797021556802901,"[1 1 1 1 1 1 1 1 0 1 1 1 1 0 0 1 1 0 1 1 1 1 1 0 1 1 0 0 0 0 1 0 0 0 0 1 1
 0 1 1]"
10,0.008718371638311346,"[1 0 0 1 1 1 1 1 0 1 0 1 0 0 1 1 0 0 1 0 1 0 0 1 0 0 0 0 0 0 0 1 0 0 1 0 0
 0 1 1]"
10,0.9648056529601304,"[1 1 1 1 1 1 1 1 0 0 0 1 0 1 0 1 1 0 0 1 1 1 0 1 0 0 1 0 0 1 1 0 0 0 1 1 1
 0 0 1]"
10,0.9947842104500515,"[1 1 1 1 1 1 1 1 1 1 0 1 1 1 0 1 1 0 1 1 1 1 0 0 1 1 0 0 0 0 0 0 0 0 0 1 1
 0 1 1]"
10,0.9950879950355528,"[1 1 1 1 1 1 1 1 1 1 0 1 1 1 1 1 1 0 1 1 1 1 0 0 1 1 0 0 0 0 0 0 0 0 0 1 1
 0 1 1]"
10,0.0008989425461908132,"[0 1 1 1 1 1 1 0 1 1 1 1 0 0 0 1 1 0 1 1 1 1 0 0 1 1 0 0 0 0 1 0 0 0 1 1 1
 0 1 1]"
10,0.6472889431765286,"[1 1 1 1 0 1 0 1 0 0 0 1 1 0 1 0 1 0 0 0 1 0 0 1 0 0 0 0 0 0 1 0 1 0 0 0 1
 1 0 0]"
10,0.9745921262609899,"[1 1 1 1 1 1 1 1 0 1 0 1 0 1 1 1 1 0 0 0 1 1 0 1 0 1 0 0 1 0 1 0 0 0 1 0 1
 0 1 1]"
10,0.959527527021515,"[1 1 1 1 1 1 1 0 1 1 1 1 0 0 0 1 1 1 0 0 1 1 0 1 0 0 1 0 0 0 1 0 0 1 0 0 1
 1 0 1]"
10,0.009019150053418312,"[1 0 0 1 1 1 1 1 1 1 0 1 1 1 0 1 1 0 1 1 1 1 0 0 0 1 0 0 0 0 1 0 0 0 0 0 1
 0 1 1]"
10,0.008187879110590587,"[1 0 0 1 1 1 1 0 0 1 0 1 0 0 1 1 1 1 1 0 1 0 0 1 0 0 0 0 1 0 0 1 0 0 1 0 1
 1 0 1]"
10,0.9947839141520974,"[1 1 1 1 1 1 1 1 1 1 0 1 1 1 0 1 1 0 1 1 1 1 0 0 0 1 0 0 0 0 0 0 0 0 1 1 1
 1 1 1]"
10,0.0009218278526229166,"[0 1 1 1 1 1 1 1 0 1 0 0 0 0 1 1 1 0 0 0 1 0 0 1 1 0 0 1 0 0 1 0 0 0 0 0 1
 1 0 0]"
10,0.9611557344350784,"[1 1 1 1 1 1 1 0 1 1 1 1 1 1 0 0 1 1 0 1 1 1 1 0 0 0 1 0 0 0 1 0 0 0 1 1 1
 0 1 1]"
step,fitness,genome
11,0.9851068441527578,"[1 1 1 1 1 1 1 1 1 0 0 1 1 1 0 1 1 0 1 1 1 1 0 0 0 1 1 0 0 0 0 0 0 0 1 1 1
 1 1 1]"
11,0.0006549670051903992,"[0 1 1 1 1 0 1 0 1 1 1 1 1 1 0 0 1 1 0 1 1 1 1 0 0 0 1 0 0 0 1 0 0 0 1 1 1
 0 1 0]"
11,0.04436105445879922,"[1 0 1 1 1 0 1 1 0 1 1 1 1 0 0 1 0 0 1 1 1 1 1 0 1 1 0 0 0 0 1 1 0 1 0 1 1
 0 1 1]"
11,0.9946320902751247,"[1 1 1 1 1 1 1 1 1 1 0 1 1 1 0 0 1 0 1 1 1 1 0 0 0 1 0 1 0 0 0 0 0 0 1 1 1
 1 1 1]"
11,0.9197049193349502,"[1 1 1 1 1 1 0 1 1 1 0 1 1 1 0 1 1 0 1 1 1 1 0 0 1 1 0 0 0 0 0 0 1 0 0 1 1
 0 1 1]"
11,0.9797372653342945,"[1 1 1 1 1 1 1 1 0 1 1 1 1 0 0 1 1 1 1 1 1 0 1 0 1 1 0 0 0 0 1 0 0 0 1 1 1
 0 1 1]"
11,0.05365122745579707,"[1 0 1 1 1 1 1 1 0 0 0 1 0 0 1 0 1 0 0 0 1 0 0 0 0 0 0 0 0 1 1 0 0 0 1 1 1
 0 0 1]"
11,0.9731069179143862,"[1 1 1 1 1 1 1 1 0 1 0 0 1 1 0 1 1 0 0 1 0 1 0 1 0 1 1 0 0 0 1 0 0 0 1 1 1
 0 0 1]"
11,0.2552705094801655,"[1 1 0 1 1 1 1 1 0 1 0 1 0 0 1 1 1 0 0 0 1 1 0 1 1 1 0 0 0 0 1 0 0 0 1 0 1
 0 0 1]"
11,0.7222584726512247,"[1 1 1 1 0 1 1 1 1 1 0 0 1 1 0 1 1 1 1 1 0 1 0 1 0 1 0 0 0 0 0 0 0 0 1 1 1
 1 1 1]"
11,0.9611499826331438,"[1 1 1 1 1 1 1 0 1 1 1 1 1 1 0 0 1 1 0 1 0 1 0 0 0 0 1 0 0 0 1 0 0 0 1 0 1
 0 1 1]"
11,0.02339005755713917,"[1 0 1 0 1 1 1 1 1 1 0 1 1 0 0 1 1 0 1 0 1 1 0 0 1 1 0 0 0 0 0 0 0 1 0 1 1
 0 1 1]"
11,0.9466413108218868,"[1 1 1 1 1 1 1 0 1 0 0 1 1 0 0 1 1 0 0 1 1 1 0 1 1 1 1 0 0 0 0 0 0 0 0 1 1
 0 1 1]"
11,0.9929628250246354,"[1 1 1 1 1 1 1 1 1 1 0 1 0 0 0 1 1 0 1 1 1 1 0 0 0 0 0 0 0 1 1 0 0 0 1 1 1
 0 0 1]"
11,0.5023329980002856,"[1 1 1 0 1 1 1 0 1 1 1 1 0 1 1 1 1 0 1 1 1 0 0 0 1 1 0 0 0 0 0 0 0 1 0 1 1
 0 1 1]"
11,0.9950879950717717,"[1 1 1 1 1 1 1 1 1 1 0 1 1 1 1 1 1 0 1 1 1 1 0 0 1 1 0 0 0 0 0 0 0 0 0 1 1
 1 1 1]"
11,0.0009371375172562403,"[0 1 1 1 1 1 1 1 0 1 1 1 1 0 0 1 0 0 1 1 1 1 1 0 1 1 0 0 0 0 0 0 0 0 0 1 1
 0 1 1]"
11,0.9739959156011183,"[1 1 1 1 1 1 1 1 0 1 0 1 0 0 1 1 1 0 0 0 1 1 0 1 0 1 0 0 1 0 1 0 1 1 1 1 1
 0 1 1]"
11,0.9379780338394561,"[1 1 1 1 1 1 1 0 0 1 0 1 1 1 0 1 1 0 1 1 1 0 0 0 1 1 0 0 0 0 1 0 0 1 0 1 1
 0 1 1]"
11,0.521542843302999,"[1 1 1 0 1 1 1 1 1 1 0 1 1 1 0 1 1 0 1 1 1 1 0 0 0 0 0 0 0 0 0 0 0 0 1 1 1
 1 1 1]"
11,0.959527527012752,"[1 1 1 1 1 1 1 0 1 1 1 1 0 0 0 1 1 1 0 0 1 1 0 1 0 0 1 0 0 0 1 0 0 1 0 0 1
 1 0 0]"
11,0.9950880135796403,"[1 1 1 1 1 1 1 1 1 1 0 1 1 1 1 1 1 0 1 1 1 1 0 0 1 1 0 0 1 0 0 0 0 0 0 1 1
 0 1 1]"
11,0.8200785952134015,"[1 1 1 1 1 0 1 0 1 1 1 1 1 0 0 0 1 1 0 1 1 1 1 0 0 0 1 0 0 0 1 0 0 0 1 1 1
 0 1 1]"
11,0.9611250355811612,"[1 1 1 1 1 1 1 0 1 1 1 1 1 1 0 0 1 0 1 0 1 0 0 0 1 1 0 0 0 0 1 0 0 1 0 1 1
 0 1 1]"
11,0.9611557344350784,"[1 1 1 1 1 1 1 0 1 1 1 1 1 1 0 0 1 1 0 1 1 1 1 0 0 0 1 0 0 0 1 0 0 0 1 1 1
 0 1 1]"
step,fitness,genome
12,0.9729580384932479,"[1 1 1 1 1 1 1 1 0 1 0 0 1 1 0 0 1 0 0 1 0 1 0 1 0 1 1 0 0 0 1 0 0 0 1 1 1
 0 0 1]"
12,0.9947842289890438,"[1 1 1 1 1 1 1 1 1 1 0 1 1 1 0 1 1 0 1 1 1 1 0 0 1 1 0 0 1 0 0 0 0 0 0 1 1
 0 1 1]"
12,0.9464938118167167,"[1 1 1 1 1 1 1 0 1 0 0 1 1 0 0 0 1 0 0 1 1 0 0 1 1 1 1 0 0 0 0 0 0 0 1 1 1
 0 1 1]"
12,0.9923945631124176,"[1 1 1 1 1 1 1 1 1 1 0 0 1 1 0 1 1 1 1 1 1 1 0 0 0 1 0 1 0 0 0 0 0 0 0 1 1
 1 1 1]"
12,0.9595275449593371,"[1 1 1 1 1 1 1 0 1 1 1 1 0 0 0 1 1 1 0 0 1 1 0 1 0 0 1 0 1 0 1 0 0 1 0 0 1
 1 0 0]"
12,0.6990009883382861,"[1 1 1 1 0 1 1 0 1 1 1 1 1 1 1 0 1 0 1 0 1 0 0 0 1 1 0 0 0 0 1 0 0 1 0 1 1
 0 1 1]"
12,0.9034540892262896,"[1 1 1 1 1 1 0 1 0 1 1 0 1 0 0 1 1 1 1 1 1 0 1 0 1 1 0 0 0 0 1 0 0 0 1 1 1
 0 1 1]"
12,0.7222584726444385,"[1 1 1 1 0 1 1 1 1 1 0 0 1 1 0 1 1 1 1 1 0 1 0 1 0 1 0 0 0 0 0 0 0 0 1 1 1
 1 1 0]"
12,0.26146240835523793,"[1 1 0 1 1 1 1 1 1 1 0 1 1 1 0 0 1 0 1 1 1 1 0 1 0 1 0 1 0 0 0 0 0 0 1 1 1
 1 1 1]"
12,0.959527527012752,"[1 1 1 1 1 1 1 0 1 1 1 1 0 0 0 1 1 1 0 0 1 1 0 1 0 0 1 0 0 0 1 0 0 1 0 0 1
 1 0 0]"
12,0.9922051506494055,"[1 1 1 1 1 1 1 1 1 1 0 0 1 1 0 0 1 0 1 1 1 1 0 0 0 1 0 1 0 0 0 0 0 0 1 0 0
 1 1 1]"
12,0.958796705240751,"[1 1 1 1 1 1 1 0 1 1 1 0 1 1 0 0 1 1 0 1 0 1 0 0 0 0 1 0 0 0 1 0 0 0 1 0 1
 0 1 1]"
12,0.959527527012752,"[1 1 1 1 1 1 1 0 1 1 1 1 0 0 0 1 1 1 0 0 1 1 0 1 0 0 1 0 0 0 1 0 0 1 0 0 1
 1 0 0]"
12,0.25788024393259307,"[1 1 0 1 1 1 1 1 1 0 0 0 1 1 0 1 1 0 1 1 1 1 0 0 0 1 0 0 0 0 1 0 0 0 1 1 1
 1 1 1]"
12,0.9185557522561554,"[1 1 1 1 1 1 0 1 1 1 0 1 0 1 0 1 1 0 0 1 1 1 0 0 1 1 0 0 0 0 0 0 0 0 0 1 1
 1 1 1]"
12,0.9928112143017755,"[1 1 1 1 1 1 1 1 1 1 0 1 0 0 0 0 1 0 1 1 1 1 0 0 0 0 0 0 0 1 1 0 0 0 1 1 1
 0 0 1]"
12,0.9929628250246354,"[1 1 1 1 1 1 1 1 1 1 0 1 0 0 0 1 1 0 1 1 1 1 0 0 0 0 0 0 0 1 1 0 0 0 1 1 1
 0 0 1]"
12,0.9797372659057453,"[1 1 1 1 1 1 1 1 0 1 1 1 1 0 0 1 1 1 1 1 1 0 1 0 1 1 0 0 0 0 1 0 0 1 1 1 1
 0 1 1]"
12,0.9739959156366456,"[1 1 1 1 1 1 1 1 0 1 0 1 0 0 1 1 1 0 0 0 1 1 0 1 0 1 0 0 1 0 1 0 1 1 1 1 1
 1 1 1]"
12,0.9851068441527578,"[1 1 1 1 1 1 1 1 1 0 0 1 1 1 0 1 1 0 1 1 1 1 0 0 0 1 1 0 0 0 0 0 0 0 1 1 1
 1 1 1]"
12,0.8159773549813442,"[1 1 1 1 1 0 1 0 1 1 0 1 1 0 0 0 1 0 1 0 1 0 1 0 0 0 0 0 0 0 1 0 0 1 0 1 1
 0 1 1]"
12,0.9716142015917288,"[1 1 1 1 1 1 1 1 0 1 0 0 0 0 1 1 1 0 0 0 1 1 0 1 0 0 0 0 1 0 1 0 1 1 1 1 1
 0 1 1]"
12,0.9923903825119281,"[1 1 1 1 1 1 1 1 1 1 0 0 1 1 0 1 1 1 1 1 0 1 0 1 0 1 0 0 0 0 0 0 0 0 1 0 1
 1 1 1]"
12,0.9611557524090691,"[1 1 1 1 1 1 1 0 1 1 1 1 1 1 0 0 1 1 0 1 1 1 1 0 0 0 1 0 1 0 1 0 0 0 1 1 1
 0 1 1]"
12,0.9751898322612848,"[1 1 1 1 1 1 1 1 0 1 0 1 1 0 1 1 1 0 0 0 1 1 1 1 0 1 0 0 1 0 0 1 1 1 1 1 1
 1 1 1]"
step,fitness,genome
13,0.9716142015917288,"[1 1 1 1 1 1 1 1 0 1 0 0 0 0 1 1 1 0 0 0 1 1 0 1 0 0 0 0 1 0 1 0 1 1 1 1 1
 0 1 1]"
13,0.8868576344634772,"[1 1 1 1 1 1 0 0 1 1 1 1 0 0 0 1 1 1 0 0 1 1 1 1 0 0 1 0 1 0 1 0 0 1 0 0 0
 1 0 1]"
13,0.9755147433103266,"[1 1 1 1 1 1 1 1 0 1 0 1 1 1 0 1 1 0 1 1 1 1 0 0 1 1 0 0 1 0 0 0 0 0 0 1 0
 0 1 1]"
13,0.9947848222098054,"[1 1 1 1 1 1 1 1 1 1 0 1 1 1 0 1 1 0 1 1 1 1 0 1 1 1 0 0 1 0 0 0 0 0 0 1 1
 0 0 0]"
13,0.993000726333717,"[1 1 1 1 1 1 1 1 1 1 0 1 0 0 0 1 1 1 1 1 1 1 0 0 0 0 0 0 0 1 0 0 0 0 1 1 1
 0 0 1]"
13,0.9923945631124176,"[1 1 1 1 1 1 1 1 1 1 0 0 1 1 0 1 1 1 1 1 1 1 0 0 0 1 0 1 0 0 0 0 0 0 0 1 1
 1 1 1]"
13,0.7222616132883067,"[1 1 1 1 0 1 1 1 1 1 0 0 1 1 0 1 1 1 1 1 1 1 0 0 0 1 0 1 0 0 0 0 0 0 0 0 1
 1 1 1]"
13,0.5161326283920101,"[1 1 1 0 1 1 1 1 1 0 0 1 1 1 0 1 1 0 1 1 1 1 0 0 0 1 1 0 0 1 1 0 0 0 1 1 1
 1 1 1]"
13,0.9911790508545849,"[1 1 1 1 1 1 1 1 1 1 0 0 0 1 0 1 1 1 1 1 0 1 0 1 1 1 0 1 0 1 0 0 0 0 1 0 1
 1 1 1]"
13,0.9922051506313433,"[1 1 1 1 1 1 1 1 1 1 0 0 1 1 0 0 1 0 1 1 1 1 0 0 0 1 0 1 0 0 0 0 0 0 1 0 0
 1 0 1]"
13,0.9729580384932479,"[1 1 1 1 1 1 1 1 0 1 0 0 1 1 0 0 1 0 0 1 0 1 0 1 0 1 1 0 0 0 1 0 0 0 1 1 1
 0 0 1]"
13,0.9645010528683147,"[1 1 1 1 1 1 1 1 0 0 0 1 0 0 1 1 1 0 0 0 1 1 0 1 0 1 0 0 1 0 1 0 1 1 1 1 1
 1 0 1]"
13,0.9947842289890438,"[1 1 1 1 1 1 1 1 1 1 0 1 1 1 0 1 1 0 1 1 1 1 0 0 1 1 0 0 1 0 0 0 0 0 0 1 1
 0 1 1]"
13,0.9972545807918931,"[1 1 1 1 1 1 1 1 1 1 1 0 1 1 0 1 1 1 1 1 1 1 0 0 0 1 0 0 0 0 0 0 0 0 0 1 1
 1 1 1]"
13,0.052945453374365944,"[1 0 1 1 1 1 1 0 1 1 0 1 0 0 0 1 1 1 0 0 1 1 0 1 0 0 0 0 0 1 1 0 0 1 0 0 1
 1 0 0]"
13,0.9978253849974513,"[1 1 1 1 1 1 1 1 1 1 1 1 0 0 0 1 1 0 1 1 1 1 0 0 0 0 0 0 0 1 1 0 1 0 1 1 1
 0 0 1]"
13,0.9923945630401563,"[1 1 1 1 1 1 1 1 1 1 0 0 1 1 0 1 1 1 1 1 1 1 0 0 0 1 0 1 0 0 0 0 0 0 0 1 0
 1 1 1]"
13,0.6975148780525431,"[1 1 1 1 0 1 1 0 1 1 1 1 0 0 0 1 0 0 1 1 0 1 0 0 0 0 0 0 0 1 0 0 0 0 1 1 1
 0 1 1]"
13,0.000937065658108467,"[0 1 1 1 1 1 1 1 0 1 1 1 1 0 0 0 1 1 1 1 1 1 1 0 1 0 1 1 0 0 0 0 0 1 1 1 1
 0 1 1]"
13,0.83667588785487,"[1 1 1 1 1 0 1 1 0 1 1 1 1 0 0 1 1 0 1 1 1 0 1 0 1 1 0 0 0 0 1 0 0 1 1 1 1
 0 1 1]"
13,0.999654812607425,"[1 1 1 1 1 1 1 1 1 1 1 1 1 1 0 1 1 0 1 1 1 1 0 0 1 1 0 0 1 0 0 0 0 0 0 1 1
 0 1 1]"
13,0.9546771618034711,"[1 1 1 1 1 1 1 0 1 1 0 1 0 0 0 0 1 0 1 1 1 1 0 0 0 0 0 0 0 1 1 0 0 0 1 1 1
 0 0 1]"
13,0.9923948683444221,"[1 1 1 1 1 1 1 1 1 1 0 0 1 1 0 1 1 1 1 1 1 1 0 0 1 1 0 1 0 1 0 0 0 0 0 1 1
 1 1 1]"
13,0.9587968677701982,"[1 1 1 1 1 1 1 0 1 1 1 0 1 1 0 0 1 1 0 1 0 1 0 0 0 1 1 0 1 0 1 0 1 0 1 0 1
 0 1 1]"
13,0.8476826045201882,"[1 1 1 1 1 0 1 1 1 1 0 0 1 1 0 1 1 1 1 0 1 1 0 0 0 1 0 1 0 0 0 0 0 0 1 1 1
 1 1 0]"
step,fitness,genome
14,0.9996548131893207,"[1 1 1 1 1 1 1 1 1 1 1 1 1 1 0 1 1 0 1 1 1 1 0 0 1 1 0 0 1 0 0 0 0 1 0 1 1
 0 1 1]"
14,0.9755147433103266,"[1 1 1 1 1 1 1 1 0 1 0 1 1 1 0 1 1 0 1 1 1 1 0 0 1 1 0 0 1 0 0 0 0 0 0 1 0
 0 1 1]"
14,0.000826428568464168,"[0 1 1 1 1 1 0 1 1 1 1 0 0 0 0 1 1 0 0 0 1 1 1 1 0 0 1 0 1 0 1 0 0 1 0 0 1
 1 0 1]"
14,0.8884582249426004,"[1 1 1 1 1 1 0 0 1 1 1 1 1 1 0 1 0 1 1 1 1 1 0 0 1 0 0 0 1 0 0 0 0 0 0 1 0
 0 1 1]"
14,0.9923945631124176,"[1 1 1 1 1 1 1 1 1 1 0 0 1 1 0 1 1 1 1 1 1 1 0 0 0 1 0 1 0 0 0 0 0 0 0 1 1
 1 1 1]"
14,0.994781856290226,"[1 1 1 1 1 1 1 1 1 1 0 1 1 1 0 1 1 0 1 1 1 0 0 0 1 1 0 0 1 0 0 0 0 0 1 1 1
 0 1 1]"
14,0.9851070853097489,"[1 1 1 1 1 1 1 1 1 0 0 1 1 1 0 1 1 0 1 1 1 1 0 0 1 1 0 0 1 0 0 1 0 0 1 1 1
 0 1 1]"
14,0.985699554490677,"[1 1 1 1 1 1 1 1 1 0 1 0 0 0 0 1 1 0 1 0 1 1 0 0 0 0 0 0 0 1 1 0 1 0 1 1 1
 0 0 1]"
14,0.9996315742336531,"[1 1 1 1 1 1 1 1 1 1 1 1 1 1 0 1 1 0 0 1 0 1 0 1 1 1 0 0 1 0 0 0 0 0 0 1 1
 0 0 0]"
14,0.9542749433682355,"[1 1 1 1 1 1 1 0 1 1 0 0 1 1 0 1 1 1 1 1 1 1 0 0 0 1 0 1 0 0 0 0 1 0 0 1 1
 1 1 1]"
14,0.9583790572343078,"[1 1 1 1 1 1 1 0 1 1 1 0 1 0 0 1 1 1 1 1 1 1 0 0 0 1 0 0 0 0 0 0 0 0 0 1 1
 1 1 1]"
14,0.991169594515962,"[1 1 1 1 1 1 1 1 1 1 0 0 0 1 0 1 1 1 1 0 0 1 0 1 1 1 0 1 0 1 1 0 0 0 1 0 1
 1 1 1]"
14,0.7240570145629783,"[1 1 1 1 0 1 1 1 1 1 0 1 1 1 0 1 1 0 1 1 1 1 0 0 1 1 0 0 1 0 0 0 0 0 0 1 1
 0 1 1]"
14,0.8324616542195287,"[1 1 1 1 1 0 1 1 0 1 0 1 1 0 0 1 0 0 1 1 1 0 1 0 1 1 0 0 0 0 1 0 0 0 1 1 1
 0 1 1]"
14,0.846113963117292,"[1 1 1 1 1 0 1 1 1 1 0 0 0 0 0 1 1 1 1 1 1 1 0 0 0 0 0 0 0 1 0 0 0 0 1 1 1
 0 0 1]"
14,0.9972545807918931,"[1 1 1 1 1 1 1 1 1 1 1 0 1 1 0 1 1 1 1 1 1 1 0 0 0 1 0 0 0 0 0 0 0 0 0 1 1
 1 1 1]"
14,0.9978253849974513,"[1 1 1 1 1 1 1 1 1 1 1 1 0 0 0 1 1 0 1 1 1 1 0 0 0 0 0 0 0 1 1 0 1 0 1 1 1
 0 0 1]"
14,0.999654812607425,"[1 1 1 1 1 1 1 1 1 1 1 1 1 1 0 1 1 0 1 1 1 1 0 0 1 1 0 0 1 0 0 0 0 0 0 1 1
 0 1 1]"
14,0.9923948681998993,"[1 1 1 1 1 1 1 1 1 1 0 0 1 1 0 1 1 1 1 1 1 1 0 0 1 1 0 1 0 1 0 0 0 0 0 0 1
 1 1 1]"
14,0.9978206259695339,"[1 1 1 1 1 1 1 1 1 1 1 1 0 0 0 1 1 0 1 1 0 1 0 0 0 0 0 0 0 1 1 0 1 0 1 1 1
 0 0 1]"
14,0.0009614237689942132,"[0 1 1 1 1 1 1 1 1 1 0 0 1 1 0 0 1 1 0 1 1 0 0 0 0 1 0 1 0 0 0 0 0 0 0 1 0
 1 1 1]"
14,0.9731298319445472,"[1 1 1 1 1 1 1 1 0 1 0 0 1 1 0 1 1 0 1 1 1 1 0 0 1 1 0 0 1 0 0 0 0 0 0 1 0
 0 0 1]"
14,0.9893299876989174,"[1 1 1 1 1 1 1 1 1 0 1 1 1 0 0 1 1 0 1 1 1 1 0 0 0 0 1 0 0 1 1 0 1 0 1 1 1
 0 0 1]"
14,0.020843488689139943,"[1 0 1 0 1 1 0 1 1 1 0 1 0 1 0 1 1 0 1 1 1 1 0 0 1 1 1 0 1 0 0 0 0 0 0 1 1
 0 1 1]"
14,0.9995785449832268,"[1 1 1 1 1 1 1 1 1 1 1 1 1 1 0 1 0 0 1 1 1 1 0 0 1 1 0 0 1 0 0 0 0 0 0 1 1
 0 1 1]"
step,fitness,genome
15,0.9996547945686561,"[1 1 1 1 1 1 1 1 1 1 1 1 1 1 0 1 1 0 1 1 1 1 0 0 1 1 0 0 0 0 0 0 0 1 0 1 1
 0 1 1]"
15,0.05408278246718326,"[1 0 1 1 1 1 1 1 0 0 1 1 1 0 0 1 1 0 1 1 1 1 0 0 0 0 1 0 1 1 1 0 1 0 1 1 1
 0 1 1]"
15,0.9941745202709189,"[1 1 1 1 1 1 1 1 1 1 0 1 1 0 0 1 1 0 1 1 1 0 0 0 1 1 0 0 0 0 0 0 0 0 1 1 1
 0 1 1]"
15,0.2622502958580759,"[1 1 0 1 1 1 1 1 1 1 1 0 1 1 0 1 1 1 1 1 1 1 0 0 0 1 0 0 1 0 0 0 0 0 0 1 1
 1 1 1]"
15,0.8863340605001775,"[1 1 1 1 1 1 0 0 1 1 1 0 1 1 0 1 1 1 1 1 1 1 0 0 0 1 0 0 0 0 0 0 0 0 0 1 1
 1 1 1]"
15,0.9923945631124176,"[1 1 1 1 1 1 1 1 1 1 0 0 1 1 0 1 1 1 1 1 1 1 0 0 0 1 0 1 0 0 0 0 0 0 0 1 1
 1 1 1]"
15,0.999631574251837,"[1 1 1 1 1 1 1 1 1 1 1 1 1 1 0 1 1 0 0 1 0 1 0 1 1 1 0 0 1 0 0 0 0 0 0 1 1
 0 1 0]"
15,0.9978253849974513,"[1 1 1 1 1 1 1 1 1 1 1 1 0 0 0 1 1 0 1 1 1 1 0 0 0 0 0 0 0 1 1 0 1 0 1 1 1
 0 0 1]"
15,0.9977456739743586,"[1 1 1 1 1 1 1 1 1 1 1 1 0 0 0 1 0 0 1 1 0 1 1 0 0 0 0 0 0 1 1 0 1 0 1 1 1
 0 0 1]"
15,0.9996917566206495,"[1 1 1 1 1 1 1 1 1 1 1 1 1 1 0 1 1 1 1 1 1 0 1 0 1 1 0 0 1 0 0 0 0 0 0 1 1
 0 1 1]"
15,0.9966029816699397,"[1 1 1 1 1 1 1 1 1 1 1 0 1 0 0 1 1 0 1 1 0 1 0 0 0 0 0 0 0 1 0 0 1 0 0 1 1
 0 0 1]"
15,0.665168533484108,"[1 1 1 1 0 1 0 1 1 1 0 0 0 1 0 1 1 0 1 1 1 1 0 0 1 1 1 0 1 0 1 0 0 0 1 1 0
 0 1 1]"
15,0.0009022351078829542,"[0 1 1 1 1 1 1 0 1 1 1 1 1 1 0 1 1 0 0 1 1 1 1 0 1 1 1 0 1 0 0 0 0 0 0 1 1
 0 1 1]"
15,0.8539892110608933,"[1 1 1 1 1 0 1 1 1 1 1 1 1 1 0 1 1 0 1 1 1 0 0 0 1 1 0 0 1 0 0 0 0 0 1 1 1
 0 1 1]"
15,0.9996524290921589,"[1 1 1 1 1 1 1 1 1 1 1 1 1 1 0 1 1 0 1 1 1 0 0 0 1 1 0 0 1 0 0 0 0 0 0 1 0
 0 1 1]"
15,0.9472217971955302,"[1 1 1 1 1 1 1 0 1 0 0 1 1 1 0 1 1 0 0 1 1 1 0 0 1 1 0 0 0 0 0 1 1 0 1 1 0
 0 1 1]"
15,0.0008979052392494813,"[0 1 1 1 1 1 1 0 1 1 1 0 1 1 0 1 1 1 1 1 1 1 0 0 0 1 0 0 0 1 0 0 0 0 0 1 1
 0 1 1]"
15,0.9948222159287324,"[1 1 1 1 1 1 1 1 1 1 0 1 1 1 0 1 1 1 1 1 1 1 0 0 1 1 0 1 0 0 0 0 0 0 0 0 1
 1 1 1]"
15,0.0005071451542881462,"[0 1 1 1 0 1 1 1 1 1 1 0 0 0 0 1 1 0 1 1 1 1 0 0 1 0 0 0 0 1 1 0 1 0 1 1 1
 0 0 1]"
15,0.9948222251894947,"[1 1 1 1 1 1 1 1 1 1 0 1 1 1 0 1 1 1 1 1 1 1 0 0 1 1 0 1 0 1 0 0 0 0 0 0 1
 1 1 0]"
15,0.9978117028472485,"[1 1 1 1 1 1 1 1 1 1 1 1 0 0 0 1 1 0 1 0 0 1 0 1 0 0 0 0 0 1 1 0 1 0 1 1 1
 0 0 1]"
15,0.9874049309061763,"[1 1 1 1 1 1 1 1 1 0 1 0 1 1 0 0 1 1 1 1 1 1 0 0 0 1 0 0 0 0 0 0 0 0 0 1 0
 1 1 1]"
15,0.998435170206568,"[1 1 1 1 1 1 1 1 1 1 1 1 0 1 0 1 1 0 1 1 1 1 0 0 1 1 0 0 1 1 0 0 1 1 1 1 1
 0 1 1]"
15,0.9990396119537239,"[1 1 1 1 1 1 1 1 1 1 1 1 1 0 0 1 1 0 1 1 0 1 0 0 0 0 0 0 1 0 1 0 0 0 0 1 1
 0 0 1]"
15,0.9978219830340065,"[1 1 1 1 1 1 1 1 1 1 1 1 0 0 0 1 1 0 1 1 0 1 1 0 0 1 0 0 1 1 1 0 1 0 1 1 1
 0 0 1]"
step,fitness,genome
16,0.9606901924492574,"[1 1 1 1 1 1 1 0 1 1 1 1 1 0 0 1 1 0 1 1 0 1 0 0 1 0 0 0 1 1 1 0 0 0 0 1 1
 0 0 1]"
16,0.9851444428884875,"[1 1 1 1 1 1 1 1 1 0 0 1 1 1 0 1 1 1 1 1 1 1 0 0 0 1 0 1 0 0 0 0 0 0 0 0 1
 1 1 1]"
16,0.9996496779528075,"[1 1 1 1 1 1 1 1 1 1 1 1 1 1 0 1 1 0 1 1 0 1 0 0 0 0 1 0 1 0 1 0 0 0 0 1 1
 0 0 1]"
16,0.9990395933433731,"[1 1 1 1 1 1 1 1 1 1 1 1 1 0 0 1 1 0 1 1 0 1 0 0 0 0 0 0 0 0 1 0 0 0 0 1 1
 0 0 1]"
16,0.9874049309061763,"[1 1 1 1 1 1 1 1 1 0 1 0 1 1 0 0 1 1 1 1 1 1 0 0 0 1 0 0 0 0 0 0 0 0 0 1 0
 1 1 1]"
16,0.9966029816699397,"[1 1 1 1 1 1 1 1 1 1 1 0 1 0 0 1 1 0 1 1 0 1 0 0 0 0 0 0 0 1 0 0 1 0 0 1 1
 0 0 1]"
16,0.9996506415045264,"[1 1 1 1 1 1 1 1 1 1 1 1 1 1 0 1 1 0 1 1 0 1 0 1 1 1 0 0 1 0 0 0 0 0 0 1 0
 0 1 0]"
16,0.9990205365260661,"[1 1 1 1 1 1 1 1 1 1 1 1 1 0 0 1 1 0 0 1 0 1 0 0 0 0 0 0 0 0 1 0 0 0 0 1 1
 0 1 1]"
16,0.9941555469777128,"[1 1 1 1 1 1 1 1 1 1 0 1 1 0 0 1 1 0 0 1 1 0 0 0 1 1 0 0 0 0 0 0 0 0 1 1 1
 0 1 1]"
16,0.9941745202709189,"[1 1 1 1 1 1 1 1 1 1 0 1 1 0 0 1 1 0 1 1 1 0 0 0 1 1 0 0 0 0 0 0 0 0 1 1 1
 0 1 1]"
16,0.998868554145637,"[1 1 1 1 1 1 1 1 1 1 1 1 1 0 0 0 1 0 0 1 0 1 0 0 1 1 0 0 1 0 0 0 0 0 0 1 1
 0 1 0]"
16,0.7279738193644132,"[1 1 1 1 0 1 1 1 1 1 1 1 1 1 1 1 1 1 1 1 1 0 1 0 1 1 0 0 1 0 0 0 0 0 0 1 1
 0 1 1]"
16,0.9996917566024647,"[1 1 1 1 1 1 1 1 1 1 1 1 1 1 0 1 1 1 1 1 1 0 1 0 1 1 0 0 1 0 0 0 0 0 0 1 1
 0 0 1]"
16,0.9996941494582312,"[1 1 1 1 1 1 1 1 1 1 1 1 1 1 0 1 1 1 1 1 1 1 1 0 1 1 0 0 1 1 0 0 0 0 0 1 1
 0 1 1]"
16,0.9996917566206495,"[1 1 1 1 1 1 1 1 1 1 1 1 1 1 0 1 1 1 1 1 1 0 1 0 1 1 0 0 1 0 0 0 0 0 0 1 1
 0 1 1]"
16,0.26242189736591903,"[1 1 0 1 1 1 1 1 1 1 1 1 0 0 0 1 1 0 1 1 1 1 0 0 0 1 0 0 0 1 1 0 1 0 1 1 1
 0 0 1]"
16,0.00012178774622283899,"[0 1 1 0 0 1 1 1 1 1 1 1 0 0 0 1 1 0 1 1 1 0 0 0 0 0 0 1 0 1 1 0 1 0 1 1 1
 0 0 1]"
16,0.9978634579562056,"[1 1 1 1 1 1 1 1 1 1 1 1 0 0 0 1 1 1 1 1 1 1 0 0 0 0 0 0 0 1 1 0 1 0 1 1 1
 0 0 1]"
16,0.9948220397932126,"[1 1 1 1 1 1 1 1 1 1 0 1 1 1 0 1 1 1 1 1 1 1 0 0 1 0 0 0 0 1 0 0 0 0 0 0 1
 1 1 0]"
16,0.998282807693271,"[1 1 1 1 1 1 1 1 1 1 1 1 0 1 0 0 1 0 1 1 1 1 0 0 1 1 0 0 1 1 0 0 1 1 1 1 1
 0 1 1]"
16,0.9995749627663902,"[1 1 1 1 1 1 1 1 1 1 1 1 1 1 0 1 0 0 1 1 0 1 1 0 1 1 0 0 0 1 0 0 1 1 1 1 1
 0 0 0]"
16,0.852403631971269,"[1 1 1 1 1 0 1 1 1 1 1 1 0 0 0 1 1 0 1 1 1 1 0 0 0 0 0 0 0 1 0 0 0 0 0 1 1
 0 1 1]"
16,0.9978219725771678,"[1 1 1 1 1 1 1 1 1 1 1 1 0 0 0 1 1 0 1 1 0 1 1 0 0 1 0 0 1 0 1 0 0 0 1 1 1
 0 0 1]"
16,0.7240855558816451,"[1 1 1 1 0 1 1 1 1 1 0 1 1 1 0 1 1 1 1 1 1 1 0 0 1 1 0 1 0 0 0 0 0 0 0 0 1
 1 1 1]"
16,0.9994998993989125,"[1 1 1 1 1 1 1 1 1 1 1 1 1 1 0 0 1 0 1 1 1 0 0 0 1 1 0 0 1 0 0 0 0 0 0 1 0
 0 1 0]"
step,fitness,genome
17,0.9984352818078753,"[1 1 1 1 1 1 1 1 1 1 1 1 0 1 0 1 1 0 1 1 1 1 0 0 1 1 1 1 1 1 0 0 1 1 1 1 1
 0 1 1]"
17,0.727739159051576,"[1 1 1 1 0 1 1 1 1 1 1 1 1 1 0 1 1 1 1 0 1 1 1 0 1 1 0 0 1 1 0 0 0 0 0 1 1
 0 0 1]"
17,0.9996941404203424,"[1 1 1 1 1 1 1 1 1 1 1 1 1 1 0 1 1 1 1 1 1 1 1 0 1 1 0 0 1 0 0 0 0 0 1 1 1
 0 0 1]"
17,0.9984309996152775,"[1 1 1 1 1 1 1 1 1 1 1 1 0 1 0 1 1 0 1 1 0 1 0 1 1 1 0 0 1 0 1 1 0 0 1 1 0
 0 1 0]"
17,0.9612611568035127,"[1 1 1 1 1 1 1 0 1 1 1 1 1 1 0 1 1 0 0 1 0 1 0 1 0 1 1 0 1 0 1 0 0 0 0 1 1
 0 1 0]"
17,0.9996499726089565,"[1 1 1 1 1 1 1 1 1 1 1 1 1 1 0 1 1 0 1 1 0 1 0 0 1 0 1 0 1 0 0 0 1 0 1 1 0
 0 0 1]"
17,0.056287206766127806,"[1 0 1 1 1 1 1 1 1 1 1 1 1 1 0 1 1 0 1 1 0 1 0 0 0 0 0 0 1 0 1 0 1 0 0 1 1
 0 0 1]"
17,0.05623998839711079,"[1 0 1 1 1 1 1 1 1 1 1 1 1 0 0 1 1 0 0 1 0 1 0 0 0 0 1 0 0 0 1 0 0 0 0 1 1
 0 1 1]"
17,0.12483408910938282,"[1 1 0 0 1 1 1 1 1 1 1 0 1 0 0 0 1 0 1 1 0 1 0 0 0 0 0 1 0 1 0 0 1 0 0 1 1
 0 0 1]"
17,0.9242779018038835,"[1 1 1 1 1 1 0 1 1 1 1 1 1 1 0 1 1 1 1 1 1 0 1 0 1 1 0 0 1 0 0 0 0 0 0 1 1
 0 1 1]"
17,0.9994784516647658,"[1 1 1 1 1 1 1 1 1 1 1 1 1 1 0 0 1 0 0 1 0 1 0 0 1 1 0 0 1 0 0 0 0 0 0 1 1
 0 1 0]"
17,0.9965839608857425,"[1 1 1 1 1 1 1 1 1 1 1 0 1 0 0 1 1 0 0 1 0 1 0 0 0 0 0 0 0 0 1 0 0 0 0 1 1
 0 1 1]"
17,0.9898594226067753,"[1 1 1 1 1 1 1 1 1 0 1 1 1 1 0 1 0 0 1 1 1 1 0 0 1 1 0 0 1 1 0 0 0 0 0 0 0
 0 1 1]"
17,0.9996887772101001,"[1 1 1 1 1 1 1 1 1 1 1 1 1 1 0 1 1 1 1 1 0 1 0 1 1 1 0 0 1 0 0 0 0 0 0 1 1
 0 1 0]"
17,0.9990217275686988,"[1 1 1 1 1 1 1 1 1 1 1 1 1 0 0 1 1 0 0 1 0 1 1 0 0 0 0 0 0 0 1 0 0 0 0 1 1
 0 1 1]"
17,0.9606901946950267,"[1 1 1 1 1 1 1 0 1 1 1 1 1 0 0 1 1 0 1 1 0 1 0 0 1 0 0 0 1 1 1 1 0 0 0 1 1
 0 0 1]"
17,0.9996918310876035,"[1 1 1 1 1 1 1 1 1 1 1 1 1 1 0 1 1 1 1 1 1 0 1 0 1 1 1 0 1 0 0 0 0 0 0 1 1
 0 0 1]"
17,0.9999991341250015,"[1 1 1 1 1 1 1 1 1 1 1 1 1 1 1 1 1 1 1 1 1 1 1 0 1 0 0 0 1 1 0 0 0 0 0 1 1
 0 1 1]"
17,0.9982643589656551,"[1 1 1 1 1 1 1 1 1 1 1 1 0 1 0 0 1 0 0 1 1 1 0 1 1 1 0 0 1 1 0 0 1 1 1 1 1
 0 1 1]"
17,0.9978634579562056,"[1 1 1 1 1 1 1 1 1 1 1 1 0 0 0 1 1 1 1 1 1 1 0 0 0 0 0 0 0 1 1 0 1 0 1 1 1
 0 0 1]"
17,0.9989066629252342,"[1 1 1 1 1 1 1 1 1 1 1 1 1 0 0 0 1 1 0 1 0 1 0 0 1 1 0 0 1 0 0 0 0 0 0 1 1
 0 1 0]"
17,0.7275860280120938,"[1 1 1 1 0 1 1 1 1 1 1 1 1 1 0 0 1 0 0 1 1 0 0 0 1 1 0 0 1 0 0 0 0 0 0 1 0
 0 1 0]"
17,0.2600551428088473,"[1 1 0 1 1 1 1 1 1 0 1 1 1 1 0 1 1 1 0 1 0 0 0 1 1 1 0 0 0 0 0 0 0 0 0 1 1
 0 1 1]"
17,0.9996544454130686,"[1 1 1 1 1 1 1 1 1 1 1 1 1 1 0 1 1 0 1 1 1 1 0 0 0 0 1 0 1 0 1 0 0 1 0 1 1
 0 0 1]"
17,0.9929582441952358,"[1 1 1 1 1 1 1 1 1 1 0 1 0 0 0 1 1 0 1 1 0 1 0 0 0 1 0 0 1 0 1 0 0 0 1 1 1
 0 0 1]"
step,fitness,genome
18,0.9965851493136366,"[1 1 1 1 1 1 1 1 1 1 1 0 1 0 0 1 1 0 0 1 0 1 1 0 0 0 0 0 0 0 1 0 0 0 0 1 1
 0 1 1]"
18,0.8529292064455112,"[1 1 1 1 1 0 1 1 1 1 1 1 0 1 0 1 1 0 1 1 0 1 0 1 1 1 0 0 1 0 1 1 0 0 1 1 0
 0 1 0]"
18,0.5241684627372136,"[1 1 1 0 1 1 1 1 1 1 1 1 1 1 0 0 1 0 0 1 0 1 0 0 0 0 0 0 1 0 0 0 0 0 0 1 1
 0 1 0]"
18,0.9972537841021732,"[1 1 1 1 1 1 1 1 1 1 1 0 1 1 0 1 1 1 1 1 1 0 1 0 1 1 1 0 1 0 0 1 0 0 0 1 1
 0 0 1]"
18,0.9988685355381541,"[1 1 1 1 1 1 1 1 1 1 1 1 1 0 0 0 1 0 0 1 0 1 0 0 1 1 0 0 0 0 0 0 0 0 0 1 1
 0 1 0]"
18,0.999669040286594,"[1 1 1 1 1 1 1 1 1 1 1 1 1 1 0 1 1 1 0 1 0 1 0 0 1 0 1 0 1 0 0 0 1 0 1 1 0
 1 0 1]"
18,0.979678311213354,"[1 1 1 1 1 1 1 1 0 1 1 1 1 0 0 1 1 0 0 1 0 1 1 0 0 0 0 0 0 0 1 0 0 0 0 1 1
 0 1 1]"
18,0.05043019588227981,"[1 0 1 1 1 1 0 1 1 1 1 0 0 1 0 0 1 0 0 1 1 1 0 1 1 1 0 0 1 1 0 0 1 1 1 1 1
 0 1 1]"
18,0.9990223242536233,"[1 1 1 1 1 1 1 1 1 1 1 1 1 0 0 1 1 0 0 1 0 1 1 1 0 0 0 0 0 0 1 0 1 0 0 1 1
 0 1 1]"
18,0.7275169820533983,"[1 1 1 1 0 1 1 1 1 1 1 1 1 0 1 1 1 1 1 1 1 1 1 0 1 0 0 0 1 1 0 0 0 0 0 1 1
 0 1 1]"
18,0.989849668602513,"[1 1 1 1 1 1 1 1 1 0 1 1 1 1 0 1 0 0 1 0 1 1 0 0 0 1 0 0 1 0 0 0 0 0 0 1 0
 0 1 1]"
18,0.5225524852988116,"[1 1 1 0 1 1 1 1 1 1 1 0 1 0 0 1 1 0 0 1 1 1 0 0 1 0 0 0 0 1 1 0 0 0 0 1 1
 0 1 1]"
18,0.0561960559216849,"[1 0 1 1 1 1 1 1 1 1 1 1 0 1 0 1 1 0 1 1 1 1 0 0 1 1 1 1 1 1 0 0 1 1 1 1 1
 0 1 1]"
18,0.9990217647888017,"[1 1 1 1 1 1 1 1 1 1 1 1 1 0 0 1 1 0 0 1 0 1 1 0 0 0 0 1 0 0 1 0 0 0 0 1 1
 0 1 1]"
18,0.9994784516647658,"[1 1 1 1 1 1 1 1 1 1 1 1 1 1 0 0 1 0 0 1 0 1 0 0 1 1 0 0 1 0 0 0 0 0 0 1 1
 0 1 0]"
18,0.5242646632042945,"[1 1 1 0 1 1 1 1 1 1 1 1 1 1 0 1 1 0 1 1 0 1 0 0 1 0 1 0 1 0 0 0 1 0 1 1 0
 0 0 1]"
18,0.9999991154258052,"[1 1 1 1 1 1 1 1 1 1 1 1 1 1 1 1 1 1 1 1 1 1 1 0 1 0 0 0 0 1 0 0 0 0 0 1 0
 0 1 1]"
18,5.476447038622295e-05,"[0 1 0 1 1 1 1 1 1 1 1 1 0 1 0 1 1 0 1 1 1 1 0 0 1 1 1 1 1 1 0 0 1 1 1 1 1
 0 1 1]"
18,0.9929580972851128,"[1 1 1 1 1 1 1 1 1 1 0 1 0 0 0 1 1 0 1 1 0 1 0 0 0 0 0 0 1 0 1 0 1 0 1 1 1
 0 0 1]"
18,0.9996918310876035,"[1 1 1 1 1 1 1 1 1 1 1 1 1 1 0 1 1 1 1 1 1 0 1 0 1 1 1 0 1 0 0 0 0 0 0 1 1
 0 0 1]"
18,0.9996947360119133,"[1 1 1 1 1 1 1 1 1 1 1 1 1 1 0 1 1 1 1 1 1 1 1 1 1 1 0 0 1 0 0 0 0 0 0 1 1
 0 0 1]"
18,0.9995362425344304,"[1 1 1 1 1 1 1 1 1 1 1 1 1 1 0 0 1 1 1 1 0 1 0 1 1 1 0 0 1 0 0 0 0 0 0 1 1
 0 1 0]"
18,0.9994784516647658,"[1 1 1 1 1 1 1 1 1 1 1 1 1 1 0 0 1 0 0 1 0 1 0 0 1 1 0 0 1 0 0 0 0 0 0 1 1
 0 1 0]"
18,0.25156394524045267,"[1 1 0 1 1 1 1 0 1 1 1 1 1 1 1 1 1 1 1 1 1 1 1 0 0 0 0 0 1 1 0 0 0 0 0 1 1
 0 1 1]"
18,0.9996449116767904,"[1 1 1 1 1 1 1 1 1 1 1 1 1 1 0 1 1 0 1 0 1 1 0 0 0 0 1 0 1 0 1 0 0 1 0 1 1
 0 0 1]"
step,fitness,genome
19,0.9988876083718723,"[1 1 1 1 1 1 1 1 1 1 1 1 1 0 0 0 1 0 1 1 0 1 0 0 1 1 0 0 1 0 0 0 0 0 0 1 1
 0 1 0]"
19,0.9972537846737385,"[1 1 1 1 1 1 1 1 1 1 1 0 1 1 0 1 1 1 1 1 1 0 1 0 1 1 1 0 1 0 0 1 0 1 0 1 1
 0 0 0]"
19,0.9996918310876035,"[1 1 1 1 1 1 1 1 1 1 1 1 1 1 0 1 1 1 1 1 1 0 1 0 1 1 1 0 1 0 0 0 0 0 0 1 1
 0 0 1]"
19,0.9948210851024303,"[1 1 1 1 1 1 1 1 1 1 0 1 1 1 0 1 1 1 1 1 1 0 1 0 1 1 1 0 1 0 0 0 0 0 0 1 1
 0 0 1]"
19,0.9994784516647658,"[1 1 1 1 1 1 1 1 1 1 1 1 1 1 0 0 1 0 0 1 0 1 0 0 1 1 0 0 1 0 0 0 0 0 0 1 1
 0 1 0]"
19,0.5242754965810387,"[1 1 1 0 1 1 1 1 1 1 1 1 1 1 0 1 1 1 0 1 0 1 0 1 0 0 1 0 1 0 0 0 1 0 1 1 0
 1 0 1]"
19,0.9988685401900248,"[1 1 1 1 1 1 1 1 1 1 1 1 1 0 0 0 1 0 0 1 0 1 0 0 1 1 0 0 0 0 1 0 0 0 0 1 1
 0 1 0]"
19,0.9996320444229763,"[1 1 1 1 1 1 1 1 1 1 1 1 1 1 0 1 1 0 0 1 0 1 1 0 1 0 0 1 0 0 1 0 0 0 0 1 1
 0 1 1]"
19,0.9995832431334114,"[1 1 1 1 1 1 1 1 1 1 1 1 1 1 0 1 0 1 0 0 0 1 0 0 1 0 1 0 1 0 1 0 1 0 1 1 0
 1 0 1]"
19,0.9996544407579039,"[1 1 1 1 1 1 1 1 1 1 1 1 1 1 0 1 1 0 1 1 1 1 0 0 0 0 1 0 1 0 0 0 0 1 0 1 1
 0 0 1]"
19,0.9896984857496619,"[1 1 1 1 1 1 1 1 1 0 1 1 1 1 0 0 0 0 1 0 1 1 0 0 0 1 0 0 1 0 0 0 0 0 0 1 0
 0 1 1]"
19,0.9990590427477725,"[1 1 1 1 1 1 1 1 1 1 1 1 1 0 0 1 1 1 0 1 0 1 0 0 1 0 1 0 1 0 1 0 1 0 1 1 0
 1 0 1]"
19,0.7277467642520569,"[1 1 1 1 0 1 1 1 1 1 1 1 1 1 0 1 1 1 1 1 1 1 1 1 1 1 0 0 1 0 0 0 0 0 0 1 1
 0 1 1]"
19,0.9996452096048104,"[1 1 1 1 1 1 1 1 1 1 1 1 1 1 0 1 1 0 1 0 1 1 0 0 1 0 1 0 1 0 1 0 0 1 0 1 1
 0 0 1]"
19,0.9806387884717985,"[1 1 1 1 1 1 1 1 0 1 1 1 1 1 1 1 1 1 1 1 1 1 1 0 1 1 0 0 0 0 0 0 0 0 0 1 0
 0 1 1]"
19,0.9995362425162481,"[1 1 1 1 1 1 1 1 1 1 1 1 1 1 0 0 1 1 1 1 0 1 0 1 1 1 0 0 1 0 0 0 0 0 0 1 1
 0 0 0]"
19,0.9801838516652681,"[1 1 1 1 1 1 1 1 0 1 1 1 1 1 0 0 1 1 1 1 0 1 0 1 1 1 0 0 1 0 0 0 0 0 0 1 1
 0 1 0]"
19,0.9803395807038383,"[1 1 1 1 1 1 1 1 0 1 1 1 1 1 0 1 1 1 1 1 1 1 1 1 1 1 0 0 1 0 0 0 0 0 0 1 1
 0 1 1]"
19,0.9990599531991717,"[1 1 1 1 1 1 1 1 1 1 1 1 1 0 0 1 1 1 0 1 0 1 1 0 0 0 1 1 0 0 1 0 0 0 0 1 0
 0 1 1]"
19,0.9987409792797821,"[1 1 1 1 1 1 1 1 1 1 1 1 0 1 1 1 1 0 1 1 1 1 1 0 1 0 0 0 0 1 0 0 0 0 0 1 1
 0 1 1]"
19,0.9990806252723009,"[1 1 1 1 1 1 1 1 1 1 1 1 1 0 0 1 1 1 1 1 1 0 0 0 1 1 1 0 1 0 0 0 0 0 0 1 1
 0 0 1]"
19,0.9996915354747382,"[1 1 1 1 1 1 1 1 1 1 1 1 1 1 0 1 1 1 1 1 1 0 1 0 0 1 1 0 1 0 0 1 0 0 0 1 1
 0 0 1]"
19,0.9996918310876035,"[1 1 1 1 1 1 1 1 1 1 1 1 1 1 0 1 1 1 1 1 1 0 1 0 1 1 1 0 1 0 0 0 0 0 0 1 1
 0 0 1]"
19,0.9965857446886374,"[1 1 1 1 1 1 1 1 1 1 1 0 1 0 0 1 1 0 0 1 0 1 1 1 0 0 0 0 0 0 1 0 1 0 0 1 1
 0 1 1]"
19,0.26222717814755936,"[1 1 0 1 1 1 1 1 1 1 1 0 1 1 0 1 0 1 1 1 1 0 1 0 1 1 1 0 1 0 0 1 0 0 0 1 1
 0 0 1]"
step,fitness,genome
20,0.9612664551645864,"[1 1 1 1 1 1 1 0 1 1 1 1 1 1 0 1 1 0 0 1 1 1 1 0 1 0 1 0 0 0 0 0 0 0 0 1 1
 0 0 1]"
20,0.9996917985185395,"[1 1 1 1 1 1 1 1 1 1 1 1 1 1 0 1 1 1 1 1 1 0 1 0 1 1 0 1 1 0 1 0 0 0 0 1 1
 0 1 1]"
20,0.9996213756520999,"[1 1 1 1 1 1 1 1 1 1 1 1 1 1 0 1 1 0 0 0 0 1 0 0 1 0 1 0 1 0 1 0 0 1 0 1 1
 1 0 1]"
20,0.9990590424569806,"[1 1 1 1 1 1 1 1 1 1 1 1 1 0 0 1 1 1 0 1 0 1 0 0 1 0 1 0 1 0 1 0 1 0 0 1 0
 1 0 1]"
20,0.056285889803208186,"[1 0 1 1 1 1 1 1 1 1 1 1 1 1 0 1 1 0 0 1 0 1 1 0 1 0 0 1 1 0 1 0 0 0 0 1 1
 0 1 1]"
20,0.8540234076671465,"[1 1 1 1 1 0 1 1 1 1 1 1 1 1 0 1 1 1 1 1 1 0 1 0 1 1 1 0 1 0 0 1 0 0 0 1 1
 0 0 1]"
20,0.26295028110571805,"[1 1 0 1 1 1 1 1 1 1 1 1 1 1 0 1 0 1 0 0 0 1 0 0 1 0 1 0 1 1 1 0 1 0 1 1 0
 0 0 1]"
20,0.9966451091021555,"[1 1 1 1 1 1 1 1 1 1 1 0 1 0 0 1 1 1 1 1 1 0 1 0 1 1 1 0 1 0 0 1 0 1 0 1 1
 0 0 0]"
20,0.9990599160323119,"[1 1 1 1 1 1 1 1 1 1 1 1 1 0 0 1 1 1 0 1 0 1 1 0 0 0 1 0 0 0 1 0 0 0 0 1 1
 0 0 1]"
20,0.5161531937719892,"[1 1 1 0 1 1 1 1 1 0 0 1 1 1 0 1 1 1 1 1 1 0 1 0 1 1 1 1 1 0 0 0 0 0 0 1 0
 0 1 1]"
20,0.2591381350632024,"[1 1 0 1 1 1 1 1 1 0 1 0 1 0 0 1 1 0 0 1 0 1 1 1 0 0 0 0 0 0 1 0 1 0 0 1 1
 0 1 1]"
20,0.9996284693343858,"[1 1 1 1 1 1 1 1 1 1 1 1 1 1 0 1 1 0 0 1 0 0 0 0 1 0 0 1 0 0 1 0 0 0 0 1 1
 0 1 1]"
20,0.9996918124663183,"[1 1 1 1 1 1 1 1 1 1 1 1 1 1 0 1 1 1 1 1 1 0 1 0 1 1 1 0 0 0 0 0 0 0 0 1 1
 0 0 1]"
20,0.9242602049502635,"[1 1 1 1 1 1 0 1 1 1 1 1 1 1 0 1 1 1 0 1 1 0 1 0 1 1 1 0 1 0 0 1 0 0 0 1 1
 0 0 1]"
20,0.9996320444229763,"[1 1 1 1 1 1 1 1 1 1 1 1 1 1 0 1 1 0 0 1 0 1 1 0 1 0 0 1 0 0 1 0 0 0 0 1 1
 0 1 1]"
20,0.9802300324712485,"[1 1 1 1 1 1 1 1 0 1 1 1 1 1 0 1 0 1 0 0 0 1 0 0 1 0 1 0 1 0 1 0 1 0 1 1 0
 1 0 1]"
20,0.999691814793979,"[1 1 1 1 1 1 1 1 1 1 1 1 1 1 0 1 1 1 1 1 1 0 1 0 1 1 1 0 0 0 0 1 0 0 0 1 1
 0 0 1]"
20,0.9996918322514338,"[1 1 1 1 1 1 1 1 1 1 1 1 1 1 0 1 1 1 1 1 1 0 1 0 1 1 1 0 1 0 0 0 1 0 0 1 1
 0 0 1]"
20,0.9994305738695863,"[1 1 1 1 1 1 1 1 1 1 1 1 1 1 0 0 0 1 0 0 0 1 0 0 0 1 1 0 1 0 1 0 1 0 1 0 0
 1 0 1]"
20,0.8538883786911018,"[1 1 1 1 1 0 1 1 1 1 1 1 1 1 0 0 1 1 1 1 0 1 0 1 1 1 0 0 1 0 0 0 0 0 0 1 1
 0 0 0]"
20,0.8534888399597554,"[1 1 1 1 1 0 1 1 1 1 1 1 1 0 0 1 1 1 1 1 0 0 0 0 1 1 1 0 1 0 0 0 0 0 0 1 1
 0 0 1]"
20,0.9996544407579039,"[1 1 1 1 1 1 1 1 1 1 1 1 1 1 0 1 1 0 1 1 1 1 0 0 0 0 1 0 1 0 0 0 0 1 0 1 1
 0 0 1]"
20,0.9995392959925601,"[1 1 1 1 1 1 1 1 1 1 1 1 1 1 0 0 1 1 1 1 1 0 1 0 1 1 1 0 1 0 0 0 0 0 0 1 1
 0 0 1]"
20,0.9993891716890234,"[1 1 1 1 1 1 1 1 1 1 1 1 1 0 1 1 1 1 1 1 1 1 1 0 1 1 1 0 1 0 1 1 0 0 0 1 1
 0 0 0]"
20,0.9996915354383685,"[1 1 1 1 1 1 1 1 1 1 1 1 1 1 0 1 1 1 1 1 1 0 1 0 0 1 1 0 1 0 0 1 0 0 0 1 0
 1 0 1]"
step,fitness,genome
21,0.7240845147206413,"[1 1 1 1 0 1 1 1 1 1 0 1 1 1 0 1 1 1 1 1 1 0 1 0 0 1 1 1 1 0 1 0 0 0 0 1 1
 0 1 1]"
21,0.9612669584886195,"[1 1 1 1 1 1 1 0 1 1 1 1 1 1 0 1 1 0 0 1 1 1 1 1 1 0 0 0 0 0 0 0 0 0 0 1 1
 0 0 1]"
21,0.9797149752150007,"[1 1 1 1 1 1 1 1 0 1 1 1 1 0 0 1 1 1 0 1 0 1 0 0 1 0 1 0 1 0 1 0 1 0 0 1 0
 1 0 1]"
21,0.9797373530341313,"[1 1 1 1 1 1 1 1 0 1 1 1 1 0 0 1 1 1 1 1 1 0 1 0 1 1 1 0 1 0 0 0 1 0 0 1 1
 0 0 1]"
21,0.4821689124059266,"[1 1 1 0 1 1 0 1 1 1 1 1 1 1 0 1 1 0 0 1 1 0 1 0 1 1 1 0 1 0 0 0 0 0 0 1 1
 0 0 1]"
21,0.9996917985185395,"[1 1 1 1 1 1 1 1 1 1 1 1 1 1 0 1 1 1 1 1 1 0 1 0 1 1 0 1 1 0 1 0 0 0 0 1 1
 0 1 1]"
21,0.056285706672840226,"[1 0 1 1 1 1 1 1 1 1 1 1 1 1 0 1 1 0 0 1 0 0 1 0 1 0 0 0 0 0 1 0 0 0 0 1 1
 0 1 1]"
21,0.0009758094860973889,"[0 1 1 1 1 1 1 1 1 1 1 1 1 1 0 1 0 1 1 1 1 0 0 0 1 1 1 1 0 0 0 1 0 0 0 0 0
 0 0 1]"
21,0.9893481456513822,"[1 1 1 1 1 1 1 1 1 0 1 1 1 0 0 1 1 1 0 1 1 0 1 0 1 1 1 0 1 0 0 1 0 0 0 1 1
 0 0 1]"
21,0.9996918322514338,"[1 1 1 1 1 1 1 1 1 1 1 1 1 1 0 1 1 1 1 1 1 0 1 0 1 1 1 0 1 0 0 0 1 0 0 1 1
 0 0 1]"
21,0.7276996545239246,"[1 1 1 1 0 1 1 1 1 1 1 1 1 1 0 1 1 0 0 1 0 1 1 0 1 0 0 1 0 0 1 0 0 0 0 1 1
 0 1 1]"
21,0.0009747271753050879,"[0 1 1 1 1 1 1 1 1 1 1 1 1 0 0 1 1 1 0 1 0 1 1 0 0 0 1 0 0 0 1 0 0 0 0 1 1
 0 0 1]"
21,0.8539247680122325,"[1 1 1 1 1 0 1 1 1 1 1 1 1 1 0 1 0 0 1 1 1 1 0 0 0 0 1 0 1 0 0 0 0 1 0 1 1
 0 0 1]"
21,0.048088018785001956,"[1 0 1 1 1 1 0 0 1 1 1 1 1 1 0 1 1 1 1 1 1 0 1 0 0 1 0 1 1 0 1 0 0 0 0 1 1
 0 1 1]"
21,0.9996906067569526,"[1 1 1 1 1 1 1 1 1 1 1 1 1 1 0 1 1 1 1 1 1 0 0 0 1 1 0 1 1 0 1 0 0 0 0 1 1
 0 1 1]"
21,0.0009747698501229623,"[0 1 1 1 1 1 1 1 1 1 1 1 1 0 0 1 1 1 1 1 1 0 1 0 1 1 0 1 1 0 1 0 0 0 0 1 1
 0 1 1]"
21,0.905109265175148,"[1 1 1 1 1 1 0 1 0 1 1 1 0 1 0 1 1 1 0 1 1 0 1 0 1 1 1 0 0 0 0 1 0 0 0 1 1
 0 0 1]"
21,0.8453636974058353,"[1 1 1 1 1 0 1 1 1 0 1 1 1 1 0 0 0 1 0 0 0 1 0 0 0 1 1 0 1 0 1 0 1 0 1 0 0
 1 0 1]"
21,0.9999966683985729,"[1 1 1 1 1 1 1 1 1 1 1 1 1 1 1 1 1 1 1 1 1 0 1 0 0 1 1 0 1 0 0 1 0 0 0 1 0
 1 0 1]"
21,0.9613032703482329,"[1 1 1 1 1 1 1 0 1 1 1 1 1 1 0 1 1 1 0 1 1 1 1 0 1 0 1 0 0 0 0 0 0 0 0 1 1
 0 0 1]"
21,0.9995392773738321,"[1 1 1 1 1 1 1 1 1 1 1 1 1 1 0 0 1 1 1 1 1 0 1 0 1 1 1 0 0 0 0 0 0 0 0 1 1
 0 0 1]"
21,0.9996918310876035,"[1 1 1 1 1 1 1 1 1 1 1 1 1 1 0 1 1 1 1 1 1 0 1 0 1 1 1 0 1 0 0 0 0 0 0 1 1
 0 0 1]"
21,0.9803179841196791,"[1 1 1 1 1 1 1 1 0 1 1 1 1 1 0 1 1 1 0 1 1 0 1 0 1 1 1 0 0 1 0 1 0 0 0 1 1
 0 0 1]"
21,0.9982111756794894,"[1 1 1 1 1 1 1 1 1 1 1 1 0 1 0 0 0 1 0 0 0 1 0 0 0 1 1 0 1 1 1 0 1 0 1 0 0
 1 0 1]"
21,0.05605031805379039,"[1 0 1 1 1 1 1 1 1 1 1 0 1 0 0 0 1 1 1 1 1 0 1 0 1 0 1 0 0 0 0 0 0 0 0 1 1
 0 0 1]"
step,fitness,genome
22,0.9999203028008435,"[1 1 1 1 1 1 1 1 1 1 1 1 1 1 1 1 0 1 1 1 1 0 1 0 0 1 0 0 1 0 0 1 0 0 0 1 0
 1 0 1]"
22,0.7277452844883917,"[1 1 1 1 0 1 1 1 1 1 1 1 1 1 0 1 1 1 1 1 1 1 0 0 0 1 1 1 1 0 1 0 0 0 0 1 1
 0 1 1]"
22,0.9996857291419278,"[1 1 1 1 1 1 1 1 1 1 1 1 1 1 0 1 1 1 1 1 0 0 0 0 1 0 1 0 1 0 1 0 1 0 0 1 1
 0 0 1]"
22,0.9797366992767518,"[1 1 1 1 1 1 1 1 0 1 1 1 1 0 0 1 1 1 1 1 1 0 0 1 1 1 0 0 1 0 1 0 1 0 0 1 0
 1 1 1]"
22,0.9998440914423986,"[1 1 1 1 1 1 1 1 1 1 1 1 1 1 1 0 1 1 1 1 1 0 1 0 0 1 1 0 1 0 0 1 0 0 0 1 0
 1 0 1]"
22,0.9996942157785157,"[1 1 1 1 1 1 1 1 1 1 1 1 1 1 0 1 1 1 1 1 1 1 1 0 1 1 1 0 1 0 0 0 1 0 0 1 1
 0 0 1]"
22,0.9989065942623565,"[1 1 1 1 1 1 1 1 1 1 1 1 1 0 0 0 1 1 0 1 0 1 0 0 1 0 1 0 1 0 1 0 1 0 0 1 0
 1 0 1]"
22,0.0009384622076212855,"[0 1 1 1 1 1 1 1 0 1 1 1 1 1 0 1 1 1 0 1 1 0 1 0 1 1 1 0 0 1 0 1 0 0 0 1 1
 0 0 1]"
22,0.05484008375229597,"[1 0 1 1 1 1 1 1 0 1 1 1 1 1 0 1 1 1 0 1 1 0 1 0 1 1 1 0 0 1 0 1 0 0 0 1 1
 0 0 0]"
22,0.9613037781837355,"[1 1 1 1 1 1 1 0 1 1 1 1 1 1 0 1 1 1 0 1 1 1 1 1 1 0 0 0 0 0 1 0 0 0 0 1 1
 0 0 1]"
22,0.9803179839767402,"[1 1 1 1 1 1 1 1 0 1 1 1 1 1 0 1 1 1 0 1 1 0 1 0 1 1 1 0 0 1 0 1 0 0 0 0 1
 0 0 1]"
22,0.05444011798819615,"[1 0 1 1 1 1 1 1 0 1 0 1 1 0 0 1 1 1 1 1 1 0 1 1 1 1 1 0 1 0 0 0 0 0 0 1 1
 0 0 1]"
22,0.31387281857808214,"[1 1 1 0 0 0 1 1 1 1 1 1 1 1 0 1 0 1 1 0 0 0 0 0 1 0 1 1 1 0 1 0 0 0 0 1 1
 1 1 1]"
22,0.9888862490129006,"[1 1 1 1 1 1 1 1 1 0 1 1 0 1 1 0 1 1 0 0 1 1 0 0 0 1 0 0 1 1 1 0 1 0 1 0 0
 0 0 1]"
22,0.8371471938347548,"[1 1 1 1 1 0 1 1 0 1 1 1 1 1 0 1 0 1 0 1 1 0 1 0 1 1 1 0 0 1 0 1 0 0 0 1 1
 0 0 1]"
22,0.7240566010404925,"[1 1 1 1 0 1 1 1 1 1 0 1 1 1 0 1 1 0 1 1 1 0 1 1 1 1 0 1 1 0 1 0 1 0 0 1 1
 0 1 1]"
22,0.26307457449174115,"[1 1 0 1 1 1 1 1 1 1 1 1 1 1 1 1 1 1 1 1 1 0 1 0 0 1 1 0 1 0 0 1 0 0 0 1 0
 1 0 1]"
22,0.9990815185661617,"[1 1 1 1 1 1 1 1 1 1 1 1 1 0 0 1 1 1 1 1 1 0 1 0 0 1 1 0 1 0 0 0 0 0 0 1 0
 1 0 1]"
22,0.9241177070770883,"[1 1 1 1 1 1 0 1 1 1 1 1 1 1 0 0 1 1 0 1 1 0 1 0 0 1 0 0 0 0 1 0 0 1 0 1 1
 0 0 1]"
22,0.7240847341127876,"[1 1 1 1 0 1 1 1 1 1 0 1 1 1 0 1 1 1 1 1 1 0 1 0 1 1 1 1 1 0 0 0 0 0 0 1 1
 0 1 1]"
22,0.9611722725828638,"[1 1 1 1 1 1 1 0 1 1 1 1 1 1 0 0 1 1 1 1 1 0 1 0 1 1 1 0 0 0 1 1 0 0 0 1 1
 0 0 1]"
22,0.9996373698276012,"[1 1 1 1 1 1 1 1 1 1 1 1 1 1 0 1 1 0 0 1 1 1 1 1 1 0 0 0 0 0 1 0 0 0 0 1 1
 0 1 0]"
22,0.9788795414210487,"[1 1 1 1 1 1 1 1 0 1 1 1 0 1 0 0 0 1 0 0 0 0 0 0 0 1 1 0 0 1 1 0 1 0 1 0 1
 1 0 1]"
22,0.9996940667351837,"[1 1 1 1 1 1 1 1 1 1 1 1 1 1 0 1 1 1 1 1 1 1 1 0 1 0 1 0 1 0 0 0 1 0 0 1 0
 0 0 1]"
22,0.4718423372384239,"[1 1 1 0 1 1 0 1 0 1 1 1 1 0 0 1 1 1 0 1 1 0 0 0 1 0 1 0 1 0 0 0 0 0 0 1 1
 1 0 1]"
step,fitness,genome
23,0.9998440891144189,"[1 1 1 1 1 1 1 1 1 1 1 1 1 1 1 0 1 1 1 1 1 0 1 0 0 1 1 0 1 0 0 0 0 0 0 1 0
 1 0 1]"
23,0.9949726034656335,"[1 1 1 1 1 1 1 1 1 1 0 1 1 1 1 0 1 1 1 1 1 0 1 0 0 1 0 0 1 0 0 1 0 0 0 1 0
 1 0 1]"
23,0.9999908557778073,"[1 1 1 1 1 1 1 1 1 1 1 1 1 1 1 1 1 1 1 1 0 0 0 0 1 0 1 0 1 0 0 0 1 0 0 1 0
 0 0 1]"
23,0.9996928890462498,"[1 1 1 1 1 1 1 1 1 1 1 1 1 1 0 1 1 1 1 1 1 1 0 0 1 0 1 0 1 1 1 0 1 0 0 1 1
 1 0 1]"
23,0.9947668650325594,"[1 1 1 1 1 1 1 1 1 1 0 1 1 1 0 1 1 0 0 1 1 1 1 1 1 0 0 0 0 0 1 1 0 0 0 1 1
 0 1 0]"
23,0.9994845443355546,"[1 1 1 1 1 1 1 1 1 1 1 1 1 1 0 0 1 0 0 1 1 1 1 1 0 0 0 0 0 0 1 0 0 0 0 1 1
 0 1 1]"
23,0.9996854312030391,"[1 1 1 1 1 1 1 1 1 1 1 1 1 1 0 1 1 1 1 1 0 0 0 0 0 0 1 0 1 0 1 0 1 0 0 1 1
 0 0 1]"
23,0.9996373698276012,"[1 1 1 1 1 1 1 1 1 1 1 1 1 1 0 1 1 0 0 1 1 1 1 1 1 0 0 0 0 0 1 0 0 0 0 1 1
 0 1 0]"
23,0.9803367194250812,"[1 1 1 1 1 1 1 1 0 1 1 1 1 1 0 1 1 1 1 1 1 0 1 0 1 1 1 0 0 1 0 1 0 0 0 0 1
 0 0 1]"
23,0.8359642247871808,"[1 1 1 1 1 0 1 1 0 1 1 1 0 1 0 0 0 1 0 0 0 0 0 0 0 1 1 0 0 1 1 0 1 0 1 0 1
 1 0 1]"
23,0.9899740705241912,"[1 1 1 1 1 1 1 1 1 0 1 1 1 1 0 1 1 1 1 1 1 1 1 0 1 1 1 0 1 0 0 0 0 0 0 1 1
 0 0 1]"
23,0.8371472097384915,"[1 1 1 1 1 0 1 1 0 1 1 1 1 1 0 1 0 1 0 1 1 0 1 0 1 1 1 0 1 1 0 1 0 0 0 1 1
 1 0 1]"
23,0.9611722725126518,"[1 1 1 1 1 1 1 0 1 1 1 1 1 1 0 0 1 1 1 1 1 0 1 0 1 1 1 0 0 0 1 1 0 0 0 1 0
 0 0 1]"
23,0.9795869072743255,"[1 1 1 1 1 1 1 1 0 1 1 1 1 0 0 0 1 1 1 1 1 0 0 1 1 1 0 0 1 0 1 0 1 0 0 1 0
 1 1 1]"
23,0.000902057310654909,"[0 1 1 1 1 1 1 0 1 1 1 1 1 1 0 0 1 1 1 1 1 0 1 0 1 1 1 0 0 0 1 1 0 0 0 1 1
 0 0 1]"
23,0.9612669629913625,"[1 1 1 1 1 1 1 0 1 1 1 1 1 1 0 1 1 0 0 1 1 1 1 1 1 0 0 0 0 0 1 0 0 0 0 1 1
 0 1 0]"
23,0.9241177070770883,"[1 1 1 1 1 1 0 1 1 1 1 1 1 1 0 0 1 1 0 1 1 0 1 0 0 1 0 0 0 0 1 0 0 1 0 1 1
 0 0 1]"
23,0.5212240658063028,"[1 1 1 0 1 1 1 1 1 1 0 1 1 0 0 1 1 1 1 1 1 0 1 0 1 1 1 0 1 0 0 0 0 0 0 1 0
 1 0 1]"
23,0.9472596899374421,"[1 1 1 1 1 1 1 0 1 0 0 1 1 1 0 1 1 1 0 1 1 1 1 1 1 0 0 0 0 0 1 0 0 0 0 1 1
 0 1 1]"
23,0.8533421053477434,"[1 1 1 1 1 0 1 1 1 1 1 1 1 0 0 0 1 1 0 1 0 1 0 0 1 1 1 1 1 0 1 0 1 0 0 1 0
 0 0 1]"
23,0.9996755050047655,"[1 1 1 1 1 1 1 1 1 1 1 1 1 1 0 1 1 1 0 1 1 1 1 1 1 0 0 0 0 0 1 0 0 0 0 1 1
 0 1 0]"
23,0.9888863233493094,"[1 1 1 1 1 1 1 1 1 0 1 1 0 1 1 0 1 1 0 0 1 1 0 0 0 1 1 0 1 1 1 0 1 1 1 0 0
 0 0 1]"
23,0.9611721299296663,"[1 1 1 1 1 1 1 0 1 1 1 1 1 1 0 0 1 1 1 1 1 0 1 0 1 0 1 0 0 0 1 1 1 0 0 1 1
 0 1 1]"
23,0.9153612894250535,"[1 1 1 1 1 1 0 1 1 0 1 1 1 1 1 0 1 1 1 1 1 0 1 0 0 1 1 0 1 0 1 1 0 0 0 1 0
 1 0 1]"
23,0.9998439424517058,"[1 1 1 1 1 1 1 1 1 1 1 1 1 1 1 0 1 1 1 1 1 0 1 0 0 0 1 0 1 0 0 1 0 0 0 1 0
 1 0 1]"
step,fitness,genome
24,0.7268252640706485,"[1 1 1 1 0 1 1 1 1 1 1 1 0 1 0 1 1 1 1 1 0 1 0 0 1 0 1 0 1 0 1 0 1 0 0 1 1
 0 0 1]"
24,0.9803367194429489,"[1 1 1 1 1 1 1 1 0 1 1 1 1 1 0 1 1 1 1 1 1 0 1 0 1 1 1 0 0 1 0 1 0 0 0 0 1
 0 1 1]"
24,0.999522967497089,"[1 1 1 1 1 1 1 1 1 1 1 1 1 1 0 0 1 1 0 1 1 1 1 1 1 0 0 0 0 0 0 0 0 0 0 1 1
 0 1 0]"
24,0.9994848428023656,"[1 1 1 1 1 1 1 1 1 1 1 1 1 1 0 0 1 0 0 1 1 1 1 1 1 0 0 0 0 0 1 0 0 1 0 1 1
 0 1 1]"
24,0.9449359137257611,"[1 1 1 1 1 1 1 0 1 0 0 0 1 1 0 1 1 1 0 1 1 1 0 1 1 0 0 0 0 0 1 0 0 0 0 1 1
 0 1 1]"
24,0.9999908557778073,"[1 1 1 1 1 1 1 1 1 1 1 1 1 1 1 1 1 1 1 1 0 0 0 0 1 0 1 0 1 0 0 0 1 0 0 1 0
 0 0 1]"
24,0.9591137070177367,"[1 1 1 1 1 1 1 0 1 1 1 0 1 1 1 0 1 1 1 1 1 1 0 0 0 1 1 0 1 0 1 1 0 0 0 1 0
 1 0 1]"
24,0.866816696440545,"[1 1 1 1 1 1 0 0 0 1 0 1 1 1 0 1 1 1 1 1 1 0 0 0 1 0 0 0 1 1 0 0 1 0 0 1 1
 1 0 1]"
24,0.9996663635713452,"[1 1 1 1 1 1 1 1 1 1 1 1 1 1 0 1 1 1 0 1 0 0 0 0 0 0 1 0 1 0 1 0 1 0 1 1 1
 0 0 1]"
24,0.9999908587791151,"[1 1 1 1 1 1 1 1 1 1 1 1 1 1 1 1 1 1 1 1 0 0 0 0 1 0 1 0 1 0 0 1 1 1 0 1 1
 0 1 1]"
24,0.5242523189106575,"[1 1 1 0 1 1 1 1 1 1 1 1 1 1 0 1 1 0 0 0 1 1 1 1 1 0 1 0 0 0 0 0 0 0 0 1 1
 0 1 1]"
24,0.9898130567660908,"[1 1 1 1 1 1 1 1 1 0 1 1 1 1 0 0 1 1 1 0 1 1 1 0 0 1 0 0 1 0 1 0 0 0 0 1 1
 0 0 1]"
24,0.9999806341434695,"[1 1 1 1 1 1 1 1 1 1 1 1 1 1 1 1 1 1 0 1 1 1 1 1 1 0 0 0 0 0 1 0 0 1 0 1 1
 0 1 0]"
24,0.9996755050047655,"[1 1 1 1 1 1 1 1 1 1 1 1 1 1 0 1 1 1 0 1 1 1 1 1 1 0 0 0 0 0 1 0 0 0 0 1 1
 0 1 0]"
24,0.9999991967527596,"[1 1 1 1 1 1 1 1 1 1 1 1 1 1 1 1 1 1 1 1 1 1 1 0 1 0 1 0 0 1 1 1 0 0 0 0 0
 0 0 1]"
24,0.93796171379083,"[1 1 1 1 1 1 1 0 0 1 0 1 1 1 0 1 1 0 0 1 1 0 1 1 1 1 0 0 0 0 0 1 0 0 0 1 1
 0 1 0]"
24,0.9996755050047655,"[1 1 1 1 1 1 1 1 1 1 1 1 1 1 0 1 1 1 0 1 1 1 1 1 1 0 0 0 0 0 1 0 0 0 0 1 1
 0 1 0]"
24,0.05628989651284576,"[1 0 1 1 1 1 1 1 1 1 1 1 1 1 0 1 1 1 1 1 0 0 0 0 0 0 1 0 1 0 1 0 1 0 0 0 1
 0 0 0]"
24,0.36473945116828815,"[1 1 1 0 0 1 1 1 0 1 1 1 0 0 0 0 1 0 0 1 1 1 0 1 1 0 0 0 0 0 1 0 0 0 0 1 0
 0 1 1]"
24,0.999458797329668,"[1 1 1 1 1 1 1 1 1 1 1 1 1 1 0 0 0 1 1 1 0 0 1 1 1 1 0 0 1 0 1 0 1 0 0 1 0
 1 1 1]"
24,0.9888484109839968,"[1 1 1 1 1 1 1 1 1 0 1 1 0 1 1 0 1 0 0 0 1 1 0 0 0 0 1 0 1 1 1 0 1 1 0 0 0
 0 0 0]"
24,0.999533194884834,"[1 1 1 1 1 1 1 1 1 1 1 1 1 1 0 0 1 1 1 1 0 0 0 0 1 0 1 0 1 0 1 0 1 0 0 1 1
 0 0 1]"
24,0.9998059487313026,"[1 1 1 1 1 1 1 1 1 1 1 1 1 1 1 0 1 0 1 1 1 0 1 0 0 1 1 0 1 0 0 0 0 1 0 1 0
 1 0 1]"
24,0.999686622959073,"[1 1 1 1 1 1 1 1 1 1 1 1 1 1 0 1 1 1 1 1 0 0 1 0 0 0 1 0 1 0 1 0 1 0 0 1 1
 0 0 1]"
24,0.9947668650325594,"[1 1 1 1 1 1 1 1 1 1 0 1 1 1 0 1 1 0 0 1 1 1 1 1 1 0 0 0 0 0 1 1 0 0 0 1 1
 0 1 0]"
step,fitness,genome
25,0.9803117031167401,"[1 1 1 1 1 1 1 1 0 1 1 1 1 1 0 1 1 1 0 1 0 0 0 0 0 0 1 0 1 0 1 0 1 0 1 1 1
 0 0 1]"
25,0.0009019582706775117,"[0 1 1 1 1 1 1 0 1 1 1 1 1 1 0 0 1 0 0 1 1 1 1 1 1 0 0 0 0 0 1 0 0 1 0 1 1
 0 1 1]"
25,0.9995901322476974,"[1 1 1 1 1 1 1 1 1 1 1 1 1 1 0 1 0 1 0 1 0 0 0 0 0 0 1 1 1 0 1 0 1 0 1 0 1
 0 0 1]"
25,0.9591137070878133,"[1 1 1 1 1 1 1 0 1 1 1 0 1 1 1 0 1 1 1 1 1 1 0 0 0 1 1 0 1 0 1 1 0 0 0 1 1
 1 0 1]"
25,0.999694573084345,"[1 1 1 1 1 1 1 1 1 1 1 1 1 1 0 1 1 1 1 1 1 1 1 1 1 0 0 0 0 0 1 0 0 0 0 1 1
 0 1 0]"
25,0.9803316091406352,"[1 1 1 1 1 1 1 1 0 1 1 1 1 1 0 1 1 1 1 1 0 0 1 0 0 0 1 0 1 0 1 0 1 0 0 1 1
 0 0 1]"
25,0.9245566199705672,"[1 1 1 1 1 1 0 1 1 1 1 1 1 1 1 1 1 1 1 1 0 0 0 0 1 0 1 0 1 0 1 0 1 0 0 1 0
 1 0 1]"
25,0.9999908587791151,"[1 1 1 1 1 1 1 1 1 1 1 1 1 1 1 1 1 1 1 1 0 0 0 0 1 0 1 0 1 0 0 1 1 1 0 1 1
 0 1 1]"
25,0.9449359140023357,"[1 1 1 1 1 1 1 0 1 0 0 0 1 1 0 1 1 1 0 1 1 1 0 1 1 0 0 0 0 0 1 0 0 0 1 1 1
 0 1 1]"
25,0.056312828119189084,"[1 0 1 1 1 1 1 1 1 1 1 1 1 1 1 1 1 1 1 1 0 0 0 0 1 0 1 0 1 0 0 0 1 0 0 1 0
 0 0 1]"
25,0.7277406676644786,"[1 1 1 1 0 1 1 1 1 1 1 1 1 1 0 1 1 1 1 1 0 0 1 0 0 0 1 0 1 0 1 0 1 0 0 1 1
 0 0 1]"
25,0.9996663635713452,"[1 1 1 1 1 1 1 1 1 1 1 1 1 1 0 1 1 1 0 1 0 0 0 0 0 0 1 0 1 0 1 0 1 0 1 1 1
 0 0 1]"
25,0.6711223182288607,"[1 1 1 1 0 1 0 1 1 1 1 1 1 1 0 1 1 1 0 1 0 1 0 0 0 0 1 0 1 0 0 0 1 0 1 1 1
 0 0 1]"
25,0.9994205206588743,"[1 1 1 1 1 1 1 1 1 1 1 1 1 1 0 0 0 0 1 1 0 0 1 1 1 0 0 0 1 0 1 0 1 0 0 1 0
 1 1 1]"
25,0.0009759288496112935,"[0 1 1 1 1 1 1 1 1 1 1 1 1 1 0 1 1 1 0 1 1 1 1 1 1 0 0 0 1 0 1 0 0 0 0 1 1
 0 1 0]"
25,0.9994848428387285,"[1 1 1 1 1 1 1 1 1 1 1 1 1 1 0 0 1 0 0 1 1 1 1 1 1 0 0 0 0 0 1 0 0 1 0 1 1
 1 1 1]"
25,0.93796171379083,"[1 1 1 1 1 1 1 0 0 1 0 1 1 1 0 1 1 0 0 1 1 0 1 1 1 1 0 0 0 0 0 1 0 0 0 1 1
 0 1 0]"
25,0.05624335924979689,"[1 0 1 1 1 1 1 1 1 1 1 1 1 0 0 1 1 1 0 1 1 1 1 1 1 0 0 0 1 0 1 0 0 0 0 1 1
 0 1 0]"
25,0.9995229863337286,"[1 1 1 1 1 1 1 1 1 1 1 1 1 1 0 0 1 1 0 1 1 1 1 1 1 0 0 0 1 0 0 0 0 0 1 1 0
 0 1 0]"
25,0.056312828119189084,"[1 0 1 1 1 1 1 1 1 1 1 1 1 1 1 1 1 1 1 1 0 0 0 0 1 0 1 0 1 0 0 0 1 0 0 1 0
 0 0 1]"
25,0.7276876645522293,"[1 1 1 1 0 1 1 1 1 1 1 1 1 1 0 1 0 1 1 1 1 0 1 1 1 1 0 0 1 0 1 0 1 1 0 1 0
 1 1 1]"
25,9.524370083958262e-07,"[0 0 1 1 1 1 1 1 1 1 1 1 1 1 0 1 1 1 0 1 1 1 1 1 1 0 0 0 0 0 1 0 0 0 0 1 1
 0 1 0]"
25,0.999484843965979,"[1 1 1 1 1 1 1 1 1 1 1 1 1 1 0 0 1 0 0 1 1 1 1 1 1 0 0 0 0 0 1 0 1 1 0 1 1
 0 1 1]"
25,0.8209887497525348,"[1 1 1 1 1 0 1 0 1 1 1 1 1 1 1 1 1 1 1 1 1 1 1 0 1 0 1 0 0 1 1 1 0 0 0 0 0
 0 0 1]"
25,0.9999794420719909,"[1 1 1 1 1 1 1 1 1 1 1 1 1 1 1 1 1 1 0 1 1 1 0 1 1 0 0 0 0 0 1 0 0 1 0 1 1
 0 1 0]"
step,fitness,genome
26,0.9796939082198464,"[1 1 1 1 1 1 1 1 0 1 1 1 1 0 0 1 1 0 1 1 0 0 0 0 1 0 1 0 1 0 0 1 1 1 0 1 1
 0 1 0]"
26,0.9368460274617758,"[1 1 1 1 1 1 1 0 0 1 0 1 0 1 0 1 1 1 0 1 1 0 1 1 1 1 0 1 0 0 0 1 0 0 0 1 1
 0 1 1]"
26,0.9999997022223795,"[1 1 1 1 1 1 1 1 1 1 1 1 1 1 1 1 1 1 1 1 1 1 1 1 1 0 0 0 0 0 0 0 0 0 0 1 1
 0 1 0]"
26,0.9245566221401702,"[1 1 1 1 1 1 0 1 1 1 1 1 1 1 1 1 1 1 1 1 0 0 0 0 1 0 1 0 1 0 1 1 1 0 0 1 0
 1 0 1]"
26,0.7267105446708777,"[1 1 1 1 0 1 1 1 1 1 1 1 0 1 0 0 1 1 1 1 0 1 0 0 0 0 1 0 1 0 0 0 1 0 0 1 1
 0 0 1]"
26,0.056128932410477166,"[1 0 1 1 1 1 1 1 1 1 1 0 1 1 1 1 1 1 0 1 1 1 0 1 1 0 0 0 0 1 1 0 0 1 0 1 1
 0 1 0]"
26,0.9803315368126506,"[1 1 1 1 1 1 1 1 0 1 1 1 1 1 0 1 1 1 1 1 0 0 1 0 0 0 0 0 1 0 1 0 1 1 1 1 1
 0 0 1]"
26,0.9999794420719909,"[1 1 1 1 1 1 1 1 1 1 1 1 1 1 1 1 1 1 0 1 1 1 0 1 1 0 0 0 0 0 1 0 0 1 0 1 1
 0 1 0]"
26,0.9999910077804163,"[1 1 1 1 1 1 1 1 1 1 1 1 1 1 1 1 1 1 1 1 0 0 0 0 1 1 1 0 1 0 0 1 1 1 0 1 1
 0 1 0]"
26,0.8542730085476796,"[1 1 1 1 1 0 1 1 1 1 1 1 1 1 1 1 1 1 0 1 1 1 0 1 1 0 0 0 0 0 1 0 0 1 0 1 1
 0 1 0]"
26,0.9995900951540027,"[1 1 1 1 1 1 1 1 1 1 1 1 1 1 0 1 0 1 0 1 0 0 0 0 0 0 1 0 1 0 1 0 1 0 1 1 1
 0 0 1]"
26,0.9996282658211846,"[1 1 1 1 1 1 1 1 1 1 1 1 1 1 0 1 1 0 0 1 0 0 0 0 0 0 1 1 1 0 1 0 1 0 1 0 1
 0 1 1]"
26,0.6991461625135322,"[1 1 1 1 0 1 1 0 1 1 1 1 1 1 1 1 1 1 1 1 1 0 0 0 1 1 1 0 1 0 0 1 1 1 0 1 1
 0 1 1]"
26,0.9994753116854589,"[1 1 1 1 1 1 1 1 1 1 1 1 1 1 0 0 1 0 0 0 1 1 1 1 1 0 0 0 0 0 1 0 1 1 0 1 1
 0 1 1]"
26,0.9379572828459899,"[1 1 1 1 1 1 1 0 0 1 0 1 1 1 0 1 1 0 0 1 0 0 1 1 1 1 1 0 0 0 0 1 0 0 0 1 1
 0 1 0]"
26,0.9194875775491566,"[1 1 1 1 1 1 0 1 1 1 0 1 1 1 0 0 0 0 1 1 0 0 1 1 1 0 0 0 1 0 1 0 1 0 0 1 0
 1 1 1]"
26,0.727696788942589,"[1 1 1 1 0 1 1 1 1 1 1 1 1 1 0 1 1 0 0 1 0 0 0 0 0 0 1 0 1 0 1 1 1 0 1 1 1
 0 0 0]"
26,0.9996945752665322,"[1 1 1 1 1 1 1 1 1 1 1 1 1 1 0 1 1 1 1 1 1 1 1 1 1 0 0 0 0 0 1 1 0 0 0 0 1
 0 1 0]"
26,0.999694573084345,"[1 1 1 1 1 1 1 1 1 1 1 1 1 1 0 1 1 1 1 1 1 1 1 1 1 0 0 0 0 0 1 0 0 0 0 1 1
 0 1 0]"
26,0.2196932811912082,"[1 1 0 1 1 0 1 1 1 1 1 1 1 1 1 1 1 1 0 1 1 1 0 1 1 0 0 0 1 0 1 0 0 1 0 1 1
 0 1 0]"
26,0.9850876614041534,"[1 1 1 1 1 1 1 1 1 0 0 1 1 1 0 1 1 0 0 1 1 0 1 1 1 1 0 0 0 0 0 1 0 0 1 1 1
 0 1 0]"
26,0.9429078094255832,"[1 1 1 1 1 1 1 0 0 1 1 1 1 1 1 1 1 1 0 1 1 1 0 1 1 0 0 0 0 0 1 0 0 1 0 1 1
 0 1 0]"
26,0.8540092494129753,"[1 1 1 1 1 0 1 1 1 1 1 1 1 1 0 1 1 1 0 1 1 1 1 1 1 0 0 0 1 0 0 0 0 0 1 1 0
 0 1 0]"
26,0.9972565177571643,"[1 1 1 1 1 1 1 1 1 1 1 0 1 1 0 1 1 1 1 1 1 1 1 1 1 0 0 0 0 0 1 0 0 0 0 1 1
 0 1 0]"
26,0.7279607082311871,"[1 1 1 1 0 1 1 1 1 1 1 1 1 1 1 1 1 1 0 1 1 1 0 1 1 0 0 0 0 0 1 0 0 1 0 1 1
 0 1 0]"
step,fitness,genome
27,0.9850782527192348,"[1 1 1 1 1 1 1 1 1 0 0 1 1 1 0 1 1 0 0 0 1 0 1 1 1 1 0 0 0 0 0 1 0 0 1 1 0
 0 1 0]"
27,0.9239418858790641,"[1 1 1 1 1 1 0 1 1 1 1 1 1 0 1 1 1 0 0 1 1 1 0 1 1 0 0 0 1 0 1 0 0 1 0 1 1
 0 1 0]"
27,0.9853887797307209,"[1 1 1 1 1 1 1 1 1 0 0 1 1 1 1 1 1 0 0 1 1 0 1 1 1 1 0 0 0 0 0 1 0 0 1 1 1
 0 1 0]"
27,0.9999794420719909,"[1 1 1 1 1 1 1 1 1 1 1 1 1 1 1 1 1 1 0 1 1 1 0 1 1 0 0 0 0 0 1 0 0 1 0 1 1
 0 1 0]"
27,0.9999615605712279,"[1 1 1 1 1 1 1 1 1 1 1 1 1 1 1 1 1 0 1 1 1 1 1 1 1 0 0 0 0 0 1 0 0 0 0 1 1
 0 1 0]"
27,0.18266355956739502,"[1 1 0 1 0 1 1 1 1 1 1 1 1 0 0 1 1 1 0 1 0 0 0 0 0 0 1 0 1 0 1 0 1 0 1 1 1
 0 0 1]"
27,0.9999985153691255,"[1 1 1 1 1 1 1 1 1 1 1 1 1 1 1 1 1 1 1 1 1 1 0 1 1 0 0 0 0 0 1 0 0 1 0 1 1
 0 1 0]"
27,0.9850864853230884,"[1 1 1 1 1 1 1 1 1 0 0 1 1 1 0 1 1 0 0 1 1 0 0 1 1 1 0 0 0 0 0 1 0 0 1 1 1
 0 1 0]"
27,7.363012866226982e-07,"[0 0 1 1 1 1 1 0 0 1 0 1 1 1 0 1 1 0 0 1 1 0 1 1 1 1 1 0 0 0 0 1 0 0 1 1 1
 0 1 0]"
27,0.9379572806481052,"[1 1 1 1 1 1 1 0 0 1 0 1 1 1 0 1 1 0 0 1 0 0 1 1 1 1 1 0 0 0 0 0 0 0 0 1 1
 0 1 0]"
27,0.2629293042652671,"[1 1 0 1 1 1 1 1 1 1 1 1 1 1 0 0 1 1 0 0 1 1 1 1 1 0 0 1 0 0 1 0 1 1 0 1 1
 0 1 1]"
27,0.9996945752756247,"[1 1 1 1 1 1 1 1 1 1 1 1 1 1 0 1 1 1 1 1 1 1 1 1 1 0 0 0 0 0 1 1 0 0 0 0 1
 0 1 1]"
27,0.9234089335264469,"[1 1 1 1 1 1 0 1 1 1 1 1 0 1 1 1 1 1 0 1 1 1 0 1 0 0 1 0 1 0 1 0 0 1 0 1 1
 0 1 0]"
27,0.9803318204069894,"[1 1 1 1 1 1 1 1 0 1 1 1 1 1 0 1 1 1 1 1 0 0 1 0 1 0 0 0 0 1 1 0 1 1 1 1 1
 0 0 1]"
27,0.9379572828459899,"[1 1 1 1 1 1 1 0 0 1 0 1 1 1 0 1 1 0 0 1 0 0 1 1 1 1 1 0 0 0 0 1 0 0 0 1 1
 0 1 0]"
27,0.5244603136743573,"[1 1 1 0 1 1 1 1 1 1 1 1 1 1 1 1 1 1 1 1 1 1 1 1 1 0 0 0 0 1 0 0 0 0 0 1 1
 0 1 0]"
27,0.0534463046046165,"[1 0 1 1 1 1 1 0 1 1 1 1 1 1 1 1 1 1 0 1 0 0 0 0 1 1 1 0 1 0 0 1 1 1 0 1 1
 0 0 1]"
27,0.6187253837906007,"[1 1 1 1 0 0 1 1 1 1 1 1 1 1 1 1 1 1 1 1 1 1 0 1 1 0 0 0 0 0 1 0 0 1 0 0 1
 0 1 0]"
27,0.9995954576059265,"[1 1 1 1 1 1 1 1 1 1 1 1 1 1 0 1 0 1 0 1 1 0 0 1 0 0 1 0 1 0 1 0 1 0 1 1 1
 0 0 1]"
27,0.9996939772019032,"[1 1 1 1 1 1 1 1 1 1 1 1 1 1 0 1 1 1 1 1 1 1 1 0 1 0 0 0 0 0 1 0 0 0 0 1 1
 0 1 0]"
27,0.0009759660493702132,"[0 1 1 1 1 1 1 1 1 1 1 1 1 1 0 1 1 1 1 1 1 1 1 1 1 0 0 0 0 0 1 1 0 0 0 0 1
 1 1 0]"
27,0.9613221862689495,"[1 1 1 1 1 1 1 0 1 1 1 1 1 1 0 1 1 1 1 1 1 1 1 1 1 0 0 0 0 0 1 0 0 0 0 1 1
 0 1 0]"
27,0.05067914150260806,"[1 0 1 1 1 1 0 1 1 1 1 1 1 1 0 0 1 0 0 0 1 1 1 1 1 0 0 0 0 0 1 0 1 1 1 1 1
 0 1 1]"
27,0.9994753117218215,"[1 1 1 1 1 1 1 1 1 1 1 1 1 1 0 0 1 0 0 0 1 1 1 1 1 0 0 0 0 0 1 0 1 1 0 1 1
 1 1 1]"
27,0.8458357949671422,"[1 1 1 1 1 0 1 1 1 0 1 1 1 1 1 1 1 1 0 1 1 1 0 1 1 0 0 0 0 0 1 0 0 1 0 1 1
 0 1 1]"
step,fitness,genome
28,0.6187188060750595,"[1 1 1 1 0 0 1 1 1 1 1 1 1 1 1 1 1 1 1 0 1 1 0 0 1 0 0 0 0 0 1 0 0 1 0 0 1
 0 1 0]"
28,0.924279975383821,"[1 1 1 1 1 1 0 1 1 1 1 1 1 1 0 1 1 1 1 1 1 1 1 0 1 0 0 0 0 1 0 0 0 0 0 1 1
 0 1 1]"
28,0.15151785236753113,"[1 1 0 1 0 0 1 1 1 1 1 1 1 0 0 1 1 1 0 1 0 0 0 0 0 0 0 0 1 0 1 0 1 0 1 1 1
 0 0 1]"
28,0.8456999493469729,"[1 1 1 1 1 0 1 1 1 0 1 1 1 1 1 0 1 1 0 1 0 1 0 0 1 0 0 0 0 0 1 1 0 1 0 1 1
 0 1 1]"
28,0.9975609839230263,"[1 1 1 1 1 1 1 1 1 1 1 0 1 1 1 1 1 1 1 1 1 1 1 1 1 0 0 0 0 0 1 1 0 0 0 0 1
 0 1 1]"
28,0.9803318204427245,"[1 1 1 1 1 1 1 1 0 1 1 1 1 1 0 1 1 1 1 1 0 0 1 0 1 0 0 0 0 1 1 0 1 1 1 1 1
 1 0 1]"
28,0.9850858972830298,"[1 1 1 1 1 1 1 1 1 0 0 1 1 1 0 1 1 0 0 1 1 0 0 0 1 1 0 0 0 0 0 1 0 0 1 1 1
 0 1 0]"
28,0.2585934292377964,"[1 1 0 1 1 1 1 1 1 0 0 1 1 1 0 1 1 0 0 0 1 0 1 1 0 0 0 0 0 0 0 1 1 0 1 1 0
 0 1 0]"
28,0.9803318204069894,"[1 1 1 1 1 1 1 1 0 1 1 1 1 1 0 1 1 1 1 1 0 0 1 0 1 0 0 0 0 1 1 0 1 1 1 1 1
 0 0 1]"
28,0.9971576198569392,"[1 1 1 1 1 1 1 1 1 1 1 0 1 1 0 1 0 1 0 1 1 0 0 1 0 0 1 0 1 0 1 0 1 0 1 1 1
 0 0 1]"
28,0.9999615557692619,"[1 1 1 1 1 1 1 1 1 1 1 1 1 1 1 1 1 0 1 1 1 1 1 1 1 0 0 0 0 0 0 0 0 0 0 0 1
 0 1 0]"
28,0.6059665154259566,"[1 1 1 1 0 0 1 1 0 1 1 1 1 1 0 1 1 1 1 1 1 0 0 0 1 0 0 0 0 1 1 0 1 1 1 1 1
 0 0 1]"
28,0.7275818769366535,"[1 1 1 1 0 1 1 1 1 1 1 1 1 1 0 0 1 0 0 0 1 1 1 1 1 0 0 0 0 0 1 0 0 1 0 1 1
 1 1 1]"
28,0.9613198998920464,"[1 1 1 1 1 1 1 0 1 1 1 1 1 1 0 1 1 1 1 1 1 0 1 1 1 0 0 0 1 0 0 0 1 0 0 1 1
 1 1 1]"
28,0.9426302791141978,"[1 1 1 1 1 1 1 0 0 1 1 1 1 1 0 1 1 1 1 1 0 0 1 0 1 0 0 0 0 1 1 0 1 1 1 1 1
 0 0 0]"
28,0.000975890419170757,"[0 1 1 1 1 1 1 1 1 1 1 1 1 1 0 1 1 0 1 1 1 1 1 0 1 0 0 0 0 0 1 0 0 0 0 1 0
 0 1 0]"
28,0.9853886326082734,"[1 1 1 1 1 1 1 1 1 0 0 1 1 1 1 1 1 0 0 1 1 0 1 1 1 0 0 0 0 0 0 1 0 0 1 1 0
 0 1 0]"
28,0.0009757150461029457,"[0 1 1 1 1 1 1 1 1 1 1 1 1 1 0 1 0 0 1 0 0 1 1 1 1 1 0 0 0 0 1 0 0 0 0 1 1
 0 1 0]"
28,0.951938075645788,"[1 1 1 1 1 1 1 0 1 0 1 1 1 1 0 1 1 1 1 1 1 1 1 0 1 0 0 0 0 0 1 1 0 0 0 1 1
 0 1 0]"
28,0.9379572806481052,"[1 1 1 1 1 1 1 0 0 1 0 1 1 1 0 1 1 0 0 1 0 0 1 1 1 1 1 0 0 0 0 0 0 0 0 1 1
 0 1 0]"
28,0.985426425920098,"[1 1 1 1 1 1 1 1 1 0 0 1 1 1 1 1 1 1 0 1 1 0 1 1 1 1 0 0 0 0 0 1 0 1 1 1 1
 0 1 0]"
28,0.000902322491264057,"[0 1 1 1 1 1 1 0 1 1 1 1 1 1 0 1 1 1 1 0 1 1 1 1 1 0 0 0 0 0 1 0 0 0 0 0 1
 0 1 0]"
28,0.9379566476575244,"[1 1 1 1 1 1 1 0 0 1 0 1 1 1 0 1 1 0 0 1 0 0 1 0 1 1 0 0 0 0 0 0 0 0 0 1 1
 0 1 0]"
28,0.2630403888743661,"[1 1 0 1 1 1 1 1 1 1 1 1 1 1 1 1 0 0 1 1 1 0 1 1 1 0 1 0 0 0 1 1 0 0 0 1 1
 0 1 0]"
28,0.7279312576394856,"[1 1 1 1 0 1 1 1 1 1 1 1 1 1 1 1 1 0 0 1 1 0 1 1 1 1 0 0 0 0 0 1 0 0 1 1 1
 0 1 1]"
step,fitness,genome
29,0.9842224080383992,"[1 1 1 1 1 1 1 1 1 0 0 1 0 1 1 1 1 1 0 1 1 0 1 1 1 1 0 0 0 0 0 1 0 1 1 1 1
 0 1 0]"
29,0.9975609769534415,"[1 1 1 1 1 1 1 1 1 1 1 0 1 1 1 1 1 1 1 1 1 1 1 1 1 0 0 0 0 0 0 0 0 0 0 0 1
 0 1 1]"
29,0.985426425920098,"[1 1 1 1 1 1 1 1 1 0 0 1 1 1 1 1 1 1 0 1 1 0 1 1 1 1 0 0 0 0 0 1 0 1 1 1 1
 0 1 0]"
29,0.999534899363158,"[1 1 1 1 1 1 1 1 1 1 1 1 1 1 0 0 1 1 1 1 0 0 1 1 1 0 0 0 0 1 1 0 1 1 1 1 1
 0 0 1]"
29,0.9242800014120477,"[1 1 1 1 1 1 0 1 1 1 1 1 1 1 0 1 1 1 1 1 1 1 1 0 1 0 0 1 0 0 0 0 0 0 0 1 1
 0 1 1]"
29,0.2571412673916936,"[1 1 0 1 1 1 1 1 0 1 1 1 1 1 0 1 0 1 0 1 0 0 0 0 1 0 0 0 0 1 1 0 1 1 1 1 1
 1 0 1]"
29,0.23971487887495826,"[1 1 0 1 1 1 0 1 1 1 1 0 1 1 0 1 0 0 1 1 1 0 0 1 0 0 1 0 1 0 1 0 1 0 0 1 1
 0 0 1]"
29,0.9801819671245574,"[1 1 1 1 1 1 1 1 0 1 1 1 1 1 0 0 1 1 1 1 0 0 1 0 1 0 0 0 1 1 1 1 1 1 1 1 1
 1 0 0]"
29,0.9522300654893592,"[1 1 1 1 1 1 1 0 1 0 1 1 1 1 1 1 1 1 1 1 1 1 1 0 1 0 0 0 0 1 1 0 0 0 0 1 1
 0 0 0]"
29,0.985426425920098,"[1 1 1 1 1 1 1 1 1 0 0 1 1 1 1 1 1 1 0 1 1 0 1 1 1 1 0 0 0 0 0 1 0 1 1 1 1
 0 1 0]"
29,0.9877206170728464,"[1 1 1 1 1 1 1 1 1 0 1 0 1 1 1 1 0 0 0 1 0 0 1 1 1 1 1 0 0 0 1 0 0 0 0 1 1
 0 1 0]"
29,0.9380133390572366,"[1 1 1 1 1 1 1 0 0 1 0 1 1 1 0 1 1 1 1 1 0 1 1 1 1 0 0 0 0 0 0 1 0 0 0 0 1
 0 0 1]"
29,0.7279312576326515,"[1 1 1 1 0 1 1 1 1 1 1 1 1 1 1 1 1 0 0 1 1 0 1 1 1 1 0 0 0 0 0 1 0 0 1 1 1
 0 1 0]"
29,0.9245293211492728,"[1 1 1 1 1 1 0 1 1 1 1 1 1 1 1 1 1 0 1 1 1 1 1 1 1 0 0 0 0 1 0 0 0 0 0 0 0
 0 1 1]"
29,0.9414734281186251,"[1 1 1 1 1 1 1 0 0 1 1 1 0 1 0 1 1 1 1 1 0 0 1 0 1 0 0 0 0 1 1 0 1 1 0 1 1
 1 0 1]"
29,0.0009710180971839342,"[0 1 1 1 1 1 1 1 1 1 1 0 1 1 0 1 0 1 0 1 1 0 0 1 0 0 1 0 1 1 1 0 1 0 1 1 1
 0 0 1]"
29,0.9241881662581427,"[1 1 1 1 1 1 0 1 1 1 1 1 1 1 0 1 0 1 0 1 1 0 0 1 0 0 1 0 1 0 1 0 1 0 1 1 1
 0 0 1]"
29,0.9974620566616954,"[1 1 1 1 1 1 1 1 1 1 1 0 1 1 1 1 0 1 0 1 1 0 0 1 0 0 1 0 1 0 1 0 1 0 1 1 1
 0 0 1]"
29,0.9242622026309554,"[1 1 1 1 1 1 0 1 1 1 1 1 1 1 0 1 1 1 0 1 1 1 1 0 1 0 0 0 0 0 1 0 0 0 0 1 1
 1 1 1]"
29,0.9782430538998574,"[1 1 1 1 1 1 1 1 0 1 1 0 1 1 1 1 1 1 1 1 1 1 1 1 1 0 0 0 0 1 0 1 0 0 0 0 1
 0 1 1]"
29,0.8518241333705239,"[1 1 1 1 1 0 1 1 1 1 1 0 1 1 0 1 0 1 0 1 1 0 0 1 0 0 1 0 1 0 0 0 1 0 1 1 1
 0 1 1]"
29,0.37344675207141587,"[1 1 1 0 0 1 1 1 1 1 1 1 1 1 0 0 1 0 0 0 1 1 1 1 1 0 0 0 0 0 1 0 0 1 0 1 1
 1 1 1]"
29,0.9971577684873141,"[1 1 1 1 1 1 1 1 1 1 1 0 1 1 0 1 0 1 0 1 1 0 0 1 0 1 1 0 1 0 1 0 1 0 1 1 1
 0 0 1]"
29,0.055196473326739465,"[1 0 1 1 1 1 1 1 1 0 0 1 1 1 0 1 1 0 0 1 1 1 1 0 1 1 0 0 0 0 0 1 0 0 1 1 1
 0 1 0]"
29,0.9850864853230884,"[1 1 1 1 1 1 1 1 1 0 0 1 1 1 0 1 1 0 0 1 1 0 0 1 1 1 0 0 0 0 0 1 0 0 1 1 1
 0 1 0]"
