Logan Tillman,,,,,,,,
Wrap:,TRUE,,,,,,,
K(states):,5,,,,,,,
Radius:,1,,,,,,,
Quiescence:,TRUE,,,,,,,
random seed:,1643824889,,,,,,,
,,,,,,,,
,,,,,,,,
,,,,,,,,
Experiment #:,0,,,,,,,
Rule:,3.11E+11,,,,,,,
Step,Entry Zeroed,Class,Lambda,Lambda_t,H,H_t,Zeta,Observations
0,-,2,0.992,0.923076923,1.465917583,1.891995487,,Few strands repeat
1,7,2,0.848,0.846153846,1.884650692,2.038159682,,"Most die off, few repeating"
2,3,2,0.768,0.769230769,1.928647331,2.075869297,,Dashed and solid repeats
3,1,2,0.744,0.692307692,1.946794718,2.10390991,,Solid lines
4,8,2,0.624,0.615384615,1.959612541,2.075869297,,Solid repeats
5,2,2,0.576,0.538461538,1.916840619,1.987773371,,"Most die quickly, rest repeat"
6,9,2,0.496,0.461538462,1.598684058,1.669180337,,Three columns repeat
7,4,2,0.376,0.384615385,1.433832905,1.546593564,,All die except for 1 string
8,5,2,0.232,0.307692308,1.054907289,1.352030102,,All die except 2 strings
9,11,2,0.208,0.230769231,0.899747146,0.991264261,,All die except for 2 strings
10,12,2,0.2,0.153846154,0.880936151,0.773228349,,All die except for 2 strings
11,6,1,0.048,0.076923077,0.277839574,0.391243564,,All die quickly
12,10,1,0,0,0,0,,Dead quickly
,,,,,,,,
,,,,,,,,
Experiment #:,1,,,,,,,
Rule:,3.34E+11,,,,,,,
Step,Entry Zeroed,Class,Lambda,Lambda_t,H,H_t,Zeta,Observations
0,-,3,0.992,0.923076923,1.943510385,1.987773371,,Mostly static with triangle patterns
1,9,3,0.912,0.846153846,2.157602864,2.133937566,,Static with small triangles
2,10,3,0.864,0.769230769,2.175220356,2.075869297,,Static with triangles
3,3,3,0.784,0.692307692,2.250586814,2.038159682,,Static with larger black triangles
4,2,3,0.736,0.615384615,2.237910004,2.038159682,,Static with various sizes of triangles
5,11,3,0.712,0.538461538,2.219866634,1.987773371,,Static but has a cool quadruple triangle meshed together
6,7,1,0.568,0.461538462,1.823162834,1.669180337,,Vine-like patterns but dies off
7,1,1,0.544,0.384615385,1.783161371,1.546593564,,Looks like vines growing but dies
8,6,1,0.392,0.307692308,1.585748285,1.352030102,,"Nothing significant, dies off quickly"
9,12,1,0.384,0.230769231,1.567320832,1.145110414,,Dies off quickly
10,4,1,0.264,0.153846154,1.095146613,0.773228349,,Dies quickly
11,5,1,0.12,0.076923077,0.529360865,0.391243564,,Dies quickly
12,8,1,0,0,0,0,,Dies quickly
,,,,,,,,
,,,,,,,,
Experiment #:,2,,,,,,,
Rule:,3.21E+11,,,,,,,
Step,Entry Zeroed,Class,Lambda,Lambda_t,H,H_t,Zeta,Observations
0,-,4,0.992,0.923076923,1.940875737,2.10390991,,Chaos-like but has peaceful moments with DNA looking structures
1,10,3,0.944,0.846153846,2.110013827,2.199687795,,Static with random holes
2,3,3,0.864,0.769230769,2.229853218,2.199687795,,Static with a few mangled triangles
3,6,4,0.712,0.692307692,1.942494746,1.950063756,,"Tree like structures, looks like a forest"
4,2,2,0.664,0.615384615,1.942494746,1.922023143,,Dashed lines repeating
5,1,1,0.64,0.538461538,1.910931267,1.833927218,,Dies off
6,7,1,0.496,0.461538462,1.7639185,1.727248606,,Dies quickly
7,4,1,0.376,0.384615385,1.366376597,1.546593564,,Dies quickly
8,5,1,0.232,0.307692308,1.042309636,1.352030102,,Dies quickly
9,8,1,0.112,0.230769231,0.628549648,1.145110414,,Dies quickly
10,11,1,0.088,0.153846154,0.468434344,0.773228349,,Dies quickly
11,9,1,0.008,0.076923077,0.067221545,0.391243564,,Dies quickly
12,12,1,0,0,0,0,,Dies quickly
,,,,,,,,
,,,,,,,,
Experiment #:,3,,,,,,,
Rule:,1.24E+11,,,,,,,
Step,Entry Zeroed,Class,Lambda,Lambda_t,H,H_t,Zeta,Observations
0,-,3,0.992,0.923076923,1.708760671,2.038159682,,"Pretty chaotic, but has sparse moments of green and yellow stripes"
1,7,3,0.848,0.846153846,2.040618165,2.16197818,,Static but has crater like holes
2,2,4,0.8,0.769230769,2.087185718,2.199687795,,Has bug-like patterns mixed with some straight lines
3,10,3,0.752,0.692307692,2.070402527,2.10390991,,Mostly chaotic but has creature-like figures
4,3,2,0.672,0.615384615,2.03690619,2.075869297,,Starts as vines but repeats in lines
5,8,2,0.552,0.538461538,1.966733995,1.987773371,,Repeats in chain-linked structures
6,1,2,0.528,0.461538462,1.82986058,1.669180337,,Chain-linked structures repeating
7,6,2,0.376,0.384615385,1.330062097,1.334679141,,Solid lines repeating
8,9,2,0.296,0.307692308,1.164657589,1.140115679,,Solid lines repeating
9,4,1,0.176,0.230769231,0.671247885,0.779349837,,Dies off
10,12,1,0.168,0.153846154,0.653109112,0.619382195,,Dies off
11,5,1,0.024,0.076923077,0.163345543,0.391243564,,Dies off
12,11,1,0,0,0,0,,Dies off
,,,,,,,,
,,,,,,,,
Experiment #:,4,,,,,,,
Rule:,4.11E+11,,,,,,,
Step,Entry Zeroed,Class,Lambda,Lambda_t,H,H_t,Zeta,Observations
0,-,3,0.992,0.923076923,1.563745493,2.075869297,,Yellow triangles in various sizes
1,2,3,0.944,0.846153846,1.657998582,2.133937566,,Black line dividing left and right sides
2,8,2,0.824,0.769230769,1.916144592,2.199687795,,"Caterpillar-like heads repeating, some solid lines have small yellow dots"
3,1,2,0.8,0.692307692,1.810272419,1.950063756,,Blue and green lines repeating
4,9,2,0.72,0.615384615,1.810272419,1.884313528,,Blue and green lines repeating
5,11,2,0.696,0.538461538,1.822863561,1.833927218,,"Blue and green lines repeating, some green lines have lots of yellow dots"
6,6,2,0.544,0.461538462,1.563128716,1.669180337,,Thin lines repeating
7,12,2,0.536,0.384615385,1.543499116,1.488525295,,Thin lines repeating
8,7,2,0.392,0.307692308,1.445491861,1.352030102,,Few thin lines repeating
9,5,2,0.248,0.230769231,1.178074149,1.145110414,,Only two green lines repeating
10,3,2,0.168,0.153846154,0.798113368,0.773228349,,"Most die quickly, couple lines repeat"
11,10,2,0.12,0.076923077,0.529360865,0.391243564,,"Most die quickly, couple lines repeat"
12,4,1,0,0,0,0,,Dies off
,,,,,,,,
,,,,,,,,
Experiment #:,5,,,,,,,
Rule:,3.23E+11,,,,,,,
Step,Entry Zeroed,Class,Lambda,Lambda_t,H,H_t,Zeta,Observations
0,-,3,0.992,0.923076923,1.908809508,2.075869297,,Triangles varying in size
1,12,3,0.984,0.846153846,1.945548664,2.199687795,,Triangles varying in size
2,9,3,0.904,0.769230769,2.058095829,2.199687795,,"Totem-like figures with triangles, complex color scheme"
3,3,3,0.824,0.692307692,2.124820271,2.199687795,,Static with sparse totem-like figures
4,11,3,0.8,0.615384615,2.124820271,2.133937566,,Static with some triangles
5,7,3,0.656,0.538461538,2.169585925,2.045841641,,Shard like gaps
6,4,2,0.536,0.461538462,2.049368666,1.88109476,,Triangle structures collide to single line repeating
7,5,2,0.392,0.384615385,1.56920112,1.546593564,,Frog-like patterns
8,2,2,0.344,0.307692308,1.417465133,1.352030102,,Repeating lines
9,6,2,0.192,0.230769231,0.955005235,1.145110414,,Orange repeating lines
10,1,2,0.168,0.153846154,0.798113368,0.773228349,,Orange repeating lines
11,8,1,0.048,0.076923077,0.277839574,0.391243564,,Dies off quickly
12,10,1,0,0,0,0,,Dies off quickly
,,,,,,,,
,,,,,,,,
Experiment #:,6,,,,,,,
Rule:,2.22E+11,,,,,,,
Step,Entry Zeroed,Class,Lambda,Lambda_t,H,H_t,Zeta,Observations
0,-,3,0.992,0.923076923,2.034377455,2.199687795,,Static
1,9,3,0.912,0.846153846,2.206325775,2.199687795,,Complete static
2,8,3,0.792,0.769230769,2.271169207,2.23739741,,Static with cool wave patterns
3,11,3,0.768,0.692307692,2.280017381,2.199687795,,Chaos with some triangles
4,2,3,0.72,0.615384615,2.231708978,2.133937566,,Shard like gaps
5,1,2,0.696,0.538461538,2.191629742,1.987773371,,One line repeating
6,10,2,0.648,0.461538462,2.148366032,1.88109476,,Couple lines repeating
7,3,1,0.568,0.384615385,1.849728809,1.546593564,,Die off quickly
8,7,1,0.424,0.307692308,1.382432609,1.198183948,,Die off quickly
9,4,1,0.304,0.230769231,1.190125647,0.991264261,,Die off quickly
10,5,1,0.16,0.153846154,0.680133068,0.773228349,,Die off quickly
11,6,1,0.008,0.076923077,0.067221545,0.391243564,,Die off quickly
12,12,1,0,0,0,0,,Die off quickly
,,,,,,,,
,,,,,,,,
Experiment #:,7,,,,,,,
Rule:,1.44E+11,,,,,,,
Step,Entry Zeroed,Class,Lambda,Lambda_t,H,H_t,Zeta,Observations
0,-,3,0.992,0.923076923,1.591708245,1.826245258,,Triangle pattern
1,5,3,0.848,0.846153846,1.928652755,1.950063756,,Chaotic triangles
2,10,3,0.8,0.769230769,1.934712872,1.950063756,,More colors than before
3,4,2,0.68,0.692307692,1.964497235,1.950063756,,"Vines die off, lines continue"
4,11,2,0.656,0.615384615,1.954945454,1.922023143,,"Vines die off, lines continue"
5,2,2,0.608,0.538461538,1.920483718,1.833927218,,lines and triangles repeat
6,9,2,0.528,0.461538462,1.830987705,1.727248606,,Lots of vertical lines
7,3,3,0.448,0.384615385,1.695634091,1.546593564,,Chaotic triangles of various sizes
8,8,3,0.328,0.307692308,1.240729154,1.198183948,,Chaotic triangles of various sizes
9,1,1,0.304,0.230769231,1.189517916,0.991264261,,Dies off
10,6,1,0.152,0.153846154,0.660038539,0.773228349,,Dies off
11,7,1,0.008,0.076923077,0.067221545,0.391243564,,Dies off
12,12,1,0,0,0,0,,Dies off
,,,,,,,,
,,,,,,,,
Experiment #:,8,,,,,,,
Rule:,1.23E+11,,,,,,,
Step,Entry Zeroed,Class,Lambda,Lambda_t,H,H_t,Zeta,Observations
0,-,3,0.992,0.923076923,1.646661459,2.075869297,,Triangles everywhere
1,1,3,0.968,0.846153846,1.723488363,2.133937566,,Chaotic triangles
2,12,3,0.96,0.769230769,1.740434753,2.075869297,,Chaotic triangles
3,4,3,0.84,0.692307692,2.009726862,2.10390991,,Shard-like gaps
4,2,4,0.792,0.615384615,2.056350842,2.075869297,,Long icicle figures
5,7,3,0.648,0.538461538,2.043828228,1.987773371,,Static triangles
6,11,3,0.624,0.461538462,1.91506185,1.669180337,,Static triangles
7,5,3,0.48,0.384615385,1.628190595,1.488525295,,Only 2 colors static
8,10,3,0.432,0.307692308,1.390843694,1.140115679,,Only 2 colors static
9,3,1,0.352,0.230769231,1.283105263,0.991264261,,Dies off
10,8,1,0.232,0.153846154,0.997093854,0.773228349,,Dies off
11,6,1,0.08,0.076923077,0.40217919,0.391243564,,Dies off
12,9,1,0,0,0,0,,Dies off
,,,,,,,,
,,,,,,,,
Experiment #:,9,,,,,,,
Rule:,1.41E+11,,,,,,,
Step,Entry Zeroed,Class,Lambda,Lambda_t,H,H_t,Zeta,Observations
0,-,1,0.992,0.923076923,1.655754672,1.88109476,,Dies off
1,1,1,0.968,0.846153846,1.774213725,2.045841641,,Dies off
2,7,3,0.824,0.769230769,2.114369327,2.133937566,,Static
3,2,2,0.776,0.692307692,2.091464245,2.038159682,,Single dashed line repeating
4,8,1,0.656,0.615384615,1.770503544,1.76049503,,Dies off
5,12,1,0.648,0.538461538,1.761242203,1.614330835,,Dies off
6,9,1,0.568,0.461538462,1.462604979,1.295737801,,Dies off
7,6,1,0.416,0.384615385,0.97954382,0.961236605,,Dies off
8,3,1,0.336,0.307692308,0.920939448,0.89049164,,Dies off
9,4,1,0.216,0.230769231,0.752796066,0.779349837,,Dies off
10,10,1,0.168,0.153846154,0.653109112,0.619382195,,Dies off
11,5,1,0.024,0.076923077,0.163345543,0.391243564,,Dies off
12,11,1,0,0,0,0,,Dies off
,,,,,,,,
,,,,,,,,
Experiment #:,10,,,,,,,
Rule:,3.23E+11,,,,,,,
Step,Entry Zeroed,Class,Lambda,Lambda_t,H,H_t,Zeta,Observations
0,-,2,0.992,0.923076923,1.859157771,2.075869297,,Static
1,2,2,0.944,0.846153846,2.021172993,2.133937566,,Static
2,5,4,0.8,0.769230769,2.227156106,2.199687795,,"Has moments of peace, static around it"
3,7,2,0.656,0.692307692,2.142868517,2.199687795,,Repeating green lines
4,1,2,0.632,0.615384615,2.098826562,2.133937566,,Varying line sizes
5,10,2,0.584,0.538461538,2.039958039,2.045841641,,Very thick and very thin lines
6,3,2,0.504,0.461538462,1.762489574,1.88109476,,Mostly thin lines
7,6,2,0.352,0.384615385,1.522511164,1.700439718,,Only a few lines
8,8,2,0.232,0.307692308,1.135912865,1.505876256,,Only a few lines
9,12,2,0.224,0.230769231,1.0716317,1.145110414,,Only a few lines
10,4,1,0.104,0.153846154,0.562600927,0.773228349,,Dies off
11,11,1,0.08,0.076923077,0.40217919,0.391243564,,Dies off
12,9,1,0,0,0,0,,Dies off
,,,,,,,,
,,,,,,,,
Experiment #:,11,,,,,,,
Rule:,3.43E+11,,,,,,,
Step,Entry Zeroed,Class,Lambda,Lambda_t,H,H_t,Zeta,Observations
0,-,2,0.992,0.923076923,1.253673908,1.891995487,,Squares repeating instead of lines
1,7,3,0.848,0.846153846,1.700741536,2.038159682,,Chaotic with occasional triangles
2,4,3,0.728,0.769230769,1.827392587,2.10390991,,Static
3,12,3,0.72,0.692307692,1.774983235,1.854285872,,Static
4,10,3,0.672,0.615384615,1.767262934,1.826245258,,Static
5,8,3,0.552,0.538461538,1.731370395,1.775858948,,Triangles increased in size
6,2,3,0.504,0.461538462,1.50386223,1.457265914,,Less triangles
7,1,3,0.48,0.384615385,1.478460746,1.334679141,,Smaller triangles
8,9,3,0.4,0.307692308,1.363532152,1.198183948,,"No more green triangles, only yellow"
9,6,3,0.248,0.230769231,1.033069894,0.991264261,,Yellow and black triangles
10,11,3,0.224,0.153846154,0.978028471,0.773228349,,Yellow and black triangles
11,5,3,0.08,0.076923077,0.40217919,0.391243564,,Yellow and black triangles
12,3,1,0,0,0,0,,Dies off quickly
,,,,,,,,
,,,,,,,,
Experiment #:,12,,,,,,,
Rule:,1.21E+11,,,,,,,
Step,Entry Zeroed,Class,Lambda,Lambda_t,H,H_t,Zeta,Observations
0,-,3,0.992,0.923076923,1.85787768,2.133937566,,"Static, occasional big triangles"
1,7,3,0.848,0.846153846,2.199785728,2.257756064,,Bigger blue shapes
2,2,3,0.8,0.769230769,2.11845372,2.257756064,,Lake-like shapes of blue
3,6,3,0.648,0.692307692,2.067034024,2.16197818,,Vines die off with blue background
4,11,3,0.624,0.615384615,1.964228545,2.038159682,,Vines die off with blue background
5,10,3,0.576,0.538461538,1.931058071,1.987773371,,Dies off quickly with blue triangles in background
6,5,3,0.432,0.461538462,1.46710918,1.669180337,,Dies off quickly with blue triangles in background
7,12,3,0.424,0.384615385,1.406288743,1.334679141,,Dies off quickly with blue triangles in background
8,4,3,0.304,0.307692308,1.167878643,1.198183948,,Dies off quickly with blue triangles in background
9,8,3,0.184,0.230769231,0.870485227,0.991264261,,Dies off quickly with blue triangles in background
10,3,3,0.104,0.153846154,0.562600927,0.773228349,,Bigger blue triangles in background
11,9,3,0.024,0.076923077,0.163345543,0.391243564,,Bigger blue triangles in background
12,1,1,0,0,0,0,,Dies off
,,,,,,,,
,,,,,,,,
Experiment #:,13,,,,,,,
Rule:,4.22E+11,,,,,,,
Step,Entry Zeroed,Class,Lambda,Lambda_t,H,H_t,Zeta,Observations
0,-,3,0.992,0.923076923,1.947549238,2.199687795,,Yellow green and blue static
1,10,3,0.944,0.846153846,2.073423618,2.295465679,,Yellow green and blue static
2,8,3,0.824,0.769230769,1.957775529,2.23739741,,Yellow holes in static
3,5,3,0.68,0.692307692,2.001092321,2.199687795,,Brown starting to appear
4,6,3,0.528,0.615384615,1.788799135,2.075869297,,Yellow completely gone
5,7,3,0.384,0.538461538,1.593535346,1.987773371,,Green and brown static
6,3,3,0.304,0.461538462,1.387037564,1.88109476,,Green and brown static
7,4,3,0.184,0.384615385,0.989057258,1.700439718,,Only green static with triangles now
8,12,3,0.176,0.307692308,0.924079903,1.352030102,,Green triangles chaos
9,1,3,0.152,0.230769231,0.766518891,0.991264261,,Green triangles chaos
10,9,3,0.072,0.153846154,0.373343321,0.619382195,,Green triangles chaos
11,11,3,0.048,0.076923077,0.277839574,0.391243564,,Green triangles chaos
12,2,1,0,0,0,0,,Dies off
,,,,,,,,
,,,,,,,,
Experiment #:,14,,,,,,,
Rule:,4.14E+11,,,,,,,
Step,Entry Zeroed,Class,Lambda,Lambda_t,H,H_t,Zeta,Observations
0,-,3,0.992,0.923076923,1.889643668,2.038159682,,Static with occasional purple triangles
1,6,3,0.84,0.846153846,2.00282821,2.038159682,,Static  
2,9,3,0.76,0.769230769,2.085707168,2.10390991,,Static  
3,3,3,0.68,0.692307692,2.10407632,2.10390991,,Bigger black triangles developing
4,10,3,0.632,0.615384615,1.89850071,1.826245258,,Black tears appearing
5,12,3,0.624,0.538461538,1.892437904,1.775858948,,More black tears
6,8,2,0.504,0.461538462,1.778711016,1.669180337,,Various line shapes repeating
7,2,2,0.456,0.384615385,1.709558973,1.546593564,,Lines repeating
8,11,1,0.432,0.307692308,1.665522522,1.352030102,,Dies off
9,1,1,0.408,0.230769231,1.62002262,1.145110414,,Dies off
10,5,1,0.264,0.153846154,1.095146613,0.773228349,,Dies off
11,4,1,0.144,0.076923077,0.594619344,0.391243564,,Dies off
12,7,1,0,0,0,0,,Dies off
,,,,,,,,
,,,,,,,,
Experiment #:,15,,,,,,,
Rule:,2.34E+11,,,,,,,
Step,Entry Zeroed,Class,Lambda,Lambda_t,H,H_t,Zeta,Observations
0,-,2,0.992,0.923076923,1.745060049,1.987773371,,Green background blue repeating lines
1,3,2,0.912,0.846153846,1.706384314,1.833927218,,Green background blue repeating lines
2,5,4,0.768,0.769230769,1.926868561,1.922023143,,Christmas tree like structures
3,7,2,0.624,0.692307692,1.926868561,1.950063756,,"One vine repeating, rest die off"
4,9,3,0.544,0.615384615,1.773046504,1.884313528,,Chaotic triangles
5,8,3,0.424,0.538461538,1.587794421,1.738149333,,One big triangle in the middle
6,1,3,0.4,0.461538462,1.553740137,1.669180337,,Triangles repeating
7,4,2,0.28,0.384615385,1.085723994,1.334679141,,Bug-like lines repeating
8,10,2,0.232,0.307692308,0.988789989,1.198183948,,Bug-like lines repeating
9,6,1,0.08,0.230769231,0.439698838,0.991264261,,Die off
10,2,1,0.032,0.153846154,0.230285571,0.773228349,,Die off
11,12,1,0.024,0.076923077,0.163345543,0.391243564,,Die off
12,11,1,0,0,0,0,,Die off
,,,,,,,,
,,,,,,,,
Experiment #:,16,,,,,,,
Rule:,4.21E+11,,,,,,,
Step,Entry Zeroed,Class,Lambda,Lambda_t,H,H_t,Zeta,Observations
0,-,3,0.992,0.923076923,1.898659161,2.038159682,,Blue triangles orange background
1,3,3,0.912,0.846153846,2.075595788,2.133937566,,Triangle chaos
2,10,3,0.864,0.769230769,2.168283353,2.199687795,,Chaos with some holes
3,5,3,0.72,0.692307692,2.265521531,2.199687795,,Complete static
4,1,3,0.696,0.615384615,2.25929922,2.133937566,,Complete static
5,9,3,0.616,0.538461538,2.191410193,1.987773371,,Triangles starting to form
6,12,3,0.608,0.461538462,2.180285316,1.88109476,,Triangles growing
7,4,3,0.488,0.384615385,1.923082702,1.700439718,,Triangles growing
8,7,3,0.344,0.307692308,1.424997787,1.352030102,,Triangle patterns
9,11,3,0.32,0.230769231,1.368808395,1.145110414,,Triangle patterns
10,8,3,0.2,0.153846154,0.880936151,0.773228349,,Triangle patterns
11,6,3,0.048,0.076923077,0.277839574,0.391243564,,Smaller triangles
12,2,1,0,0,0,0,,Dies off
,,,,,,,,
,,,,,,,,
Experiment #:,17,,,,,,,
Rule:,1.42E+11,,,,,,,
Step,Entry Zeroed,Class,Lambda,Lambda_t,H,H_t,Zeta,Observations
0,-,3,0.992,0.923076923,2.006803561,2.133937566,,Static
1,12,3,0.984,0.846153846,2.045619983,2.257756064,,Static
2,11,3,0.96,0.769230769,2.131516021,2.295465679,,Static
3,2,3,0.912,0.692307692,2.199806762,2.199687795,,Static
4,9,3,0.832,0.615384615,2.288321319,2.133937566,,Triangles start to form
5,6,3,0.68,0.538461538,2.184510999,1.987773371,,Big gashes in the static
6,1,4,0.656,0.461538462,2.163296387,1.88109476,,Triangle forms colliding
7,3,1,0.576,0.384615385,1.867047437,1.546593564,,Dies off
8,7,1,0.432,0.307692308,1.403098546,1.198183948,,Dies off
9,8,1,0.312,0.230769231,1.088715886,0.991264261,,Dies off
10,5,1,0.168,0.153846154,0.798113368,0.773228349,,Dies off
11,4,1,0.048,0.076923077,0.277839574,0.391243564,,Dies off
12,10,1,0,0,0,0,,Dies off
,,,,,,,,
,,,,,,,,
Experiment #:,18,,,,,,,
Rule:,2.12E+11,,,,,,,
Step,Entry Zeroed,Class,Lambda,Lambda_t,H,H_t,Zeta,Observations
0,-,3,0.992,0.923076923,1.871743496,2.199687795,,Looks like the microsoft blue screen of death
1,1,3,0.968,0.846153846,1.959536678,2.257756064,,Cool diamond figure dies in the middle
2,7,3,0.824,0.769230769,2.049769968,2.199687795,,Static
3,8,3,0.704,0.692307692,2.037322487,2.16197818,,Static
4,6,3,0.552,0.615384615,1.669134173,2.038159682,,Black triangles forming
5,2,2,0.504,0.538461538,1.651878991,1.987773371,,Lines repeating
6,12,2,0.496,0.461538462,1.59261128,1.669180337,,Lines repeating
7,5,1,0.352,0.384615385,1.434801397,1.546593564,,Dies off
8,3,1,0.272,0.307692308,1.071103949,1.198183948,,Dies off
9,10,1,0.224,0.230769231,0.877441581,0.991264261,,Dies off
10,9,1,0.144,0.153846154,0.688222573,0.773228349,,Dies off
11,4,1,0.024,0.076923077,0.163345543,0.391243564,,Dies off
12,11,1,0,0,0,0,,Dies off
,,,,,,,,
,,,,,,,,
Experiment #:,19,,,,,,,
Rule:,3.14E+11,,,,,,,
Step,Entry Zeroed,Class,Lambda,Lambda_t,H,H_t,Zeta,Observations
0,-,3,0.992,0.923076923,1.949937107,2.199687795,,Static
1,4,3,0.872,0.846153846,2.263348246,2.295465679,,Static
2,1,3,0.848,0.769230769,2.286881617,2.295465679,,Gashes in static forming
3,11,3,0.824,0.692307692,2.288533539,2.257756064,,More frequent gashing
4,9,2,0.744,0.615384615,2.219147751,2.133937566,,Lines and triangle form repeating
5,7,1,0.6,0.538461538,2.075102618,2.045841641,,Dies off
6,5,2,0.456,0.461538462,1.883958485,1.88109476,,Repeating solid lines
7,2,2,0.408,0.384615385,1.739620078,1.700439718,,Repeating solid lines
8,3,1,0.328,0.307692308,1.38573341,1.352030102,,Dies off
9,10,1,0.28,0.230769231,1.131314689,0.991264261,,Dies off
10,6,1,0.128,0.153846154,0.595100682,0.773228349,,Dies off
11,12,1,0.12,0.076923077,0.529360865,0.391243564,,Dies off
12,8,1,0,0,0,0,,Dies off
,,,,,,,,
,,,,,,,,
Experiment #:,20,,,,,,,
Rule:,2.11E+11,,,,,,,
Step,Entry Zeroed,Class,Lambda,Lambda_t,H,H_t,Zeta,Observations
0,-,2,0.992,0.923076923,1.753438555,2.038159682,,Cool zipper pattern repeating
1,12,2,0.984,0.846153846,1.792523409,2.133937566,,Repeating solid lines
2,11,2,0.96,0.769230769,1.886742082,2.199687795,,Repeating solid lines
3,9,2,0.88,0.692307692,2.045707363,2.16197818,,Repeating solid lines
4,4,2,0.76,0.615384615,2.158223722,2.133937566,,Repeating dashed green lines
5,10,2,0.712,0.538461538,1.971017265,1.833927218,,Repeating dashed green lines
6,7,2,0.568,0.461538462,1.83673744,1.669180337,,Repeating dashed green lines
7,2,2,0.52,0.384615385,1.796689009,1.546593564,,Dashed green and blue lines
8,8,2,0.4,0.307692308,1.363532152,1.198183948,,Dashed green and blue lines
9,6,1,0.248,0.230769231,1.033069894,0.991264261,,Dies off
10,3,1,0.168,0.153846154,0.653109112,0.619382195,,Dies off
11,1,1,0.144,0.076923077,0.594619344,0.391243564,,Dies off
12,5,1,0,0,0,0,,Dies off
,,,,,,,,
,,,,,,,,
Experiment #:,21,,,,,,,
Rule:,3.11E+11,,,,,,,
Step,Entry Zeroed,Class,Lambda,Lambda_t,H,H_t,Zeta,Observations
0,-,2,0.992,0.923076923,1.971082609,2.199687795,,Braids repeating
1,9,3,0.912,0.846153846,2.213179838,2.257756064,,Static
2,4,3,0.792,0.769230769,2.271169207,2.199687795,,Blue pools forming
3,11,3,0.768,0.692307692,2.255494059,2.16197818,,Bigger blue pools
4,2,3,0.72,0.615384615,2.192592158,2.038159682,,Static with some triangles
5,3,2,0.64,0.538461538,1.917478536,1.738149333,,Vertical lines repeating
6,1,2,0.616,0.461538462,1.893831323,1.669180337,,Vertical lines repeating
7,12,2,0.608,0.384615385,1.884441302,1.546593564,,More lines repeating
8,8,1,0.488,0.307692308,1.627238688,1.352030102,,Dies off
9,5,1,0.344,0.230769231,1.129153773,0.991264261,,Dies off
10,7,1,0.2,0.153846154,0.880936151,0.773228349,,Dies off
11,6,1,0.048,0.076923077,0.277839574,0.391243564,,Dies off
12,10,1,0,0,0,0,,Dies off
,,,,,,,,
,,,,,,,,
Experiment #:,22,,,,,,,
Rule:,1.14E+11,,,,,,,
Step,Entry Zeroed,Class,Lambda,Lambda_t,H,H_t,Zeta,Observations
0,-,3,0.992,0.923076923,1.839347917,2.16197818,,Small triangle in static
1,12,3,0.984,0.846153846,1.862023652,2.16197818,,Black triangles forming
2,5,2,0.84,0.769230769,1.997608412,2.10390991,,"Vines die, green continues"
3,11,2,0.816,0.692307692,2.003524408,2.10390991,,"Vines die, green continues"
4,8,2,0.696,0.615384615,1.892568044,2.038159682,,"Vines die, green continues"
5,3,2,0.616,0.538461538,1.609066655,1.738149333,,Bacteria like growth repeats
6,9,2,0.536,0.461538462,1.301343321,1.419556299,,Bacteria like growth repeats
7,2,2,0.488,0.384615385,1.137642003,1.238901257,,Solid lines and triangles repeat
8,1,2,0.464,0.307692308,0.996257297,0.89049164,,Green lines repeating
9,7,2,0.32,0.230769231,0.904381458,0.779349837,,Green lines repeating
10,4,1,0.2,0.153846154,0.721928095,0.619382195,,Dies off
11,10,1,0.152,0.076923077,0.614822757,0.391243564,,Dies off
12,6,1,0,0,0,0,,Dies off
,,,,,,,,
,,,,,,,,
Experiment #:,23,,,,,,,
Rule:,4.42E+11,,,,,,,
Step,Entry Zeroed,Class,Lambda,Lambda_t,H,H_t,Zeta,Observations
0,-,3,0.992,0.923076923,1.358443925,1.76049503,,Triangles forming in static
1,10,3,0.944,0.846153846,1.550428134,1.884313528,,Water-like pattern running down the static
2,12,3,0.936,0.769230769,1.573326883,1.950063756,,Static
3,8,3,0.816,0.692307692,1.770057391,1.950063756,,Cool vines at the top
4,3,4,0.736,0.615384615,1.835064215,1.922023143,,Diagonal lines after running into wall
5,6,3,0.584,0.538461538,1.788350032,1.833927218,,Green vines showing in chaos
6,5,3,0.44,0.461538462,1.63847063,1.727248606,,Green vines showing in chaos
7,1,3,0.416,0.384615385,1.560167977,1.546593564,,Green vines showing in chaos
8,4,1,0.296,0.307692308,1.29060265,1.352030102,,Dies off
9,9,1,0.216,0.230769231,0.91786424,0.991264261,,Dies off
10,11,1,0.192,0.153846154,0.861402006,0.773228349,,Dies off
11,2,1,0.144,0.076923077,0.594619344,0.391243564,,Dies off
12,7,1,0,0,0,0,,Dies off
,,,,,,,,
,,,,,,,,
Experiment #:,24,,,,,,,
Rule:,3.43E+11,,,,,,,
Step,Entry Zeroed,Class,Lambda,Lambda_t,H,H_t,Zeta,Observations
0,-,2,0.992,0.923076923,2.006322524,2.199687795,,Two repeating chains
1,4,4,0.872,0.846153846,2.225573371,2.199687795,,Branches of repeating vines but random channels colliding
2,6,3,0.72,0.769230769,2.287696402,2.23739741,,Static
3,9,3,0.64,0.692307692,2.194318201,2.199687795,,Static
4,5,3,0.496,0.615384615,1.930395597,2.133937566,,Static
5,3,1,0.416,0.538461538,1.674893766,1.987773371,,Dies off
6,8,1,0.296,0.461538462,1.394389649,1.88109476,,Dies off
7,2,1,0.248,0.384615385,1.169990568,1.700439718,,Dies off
8,12,1,0.24,0.307692308,1.105951122,1.352030102,,Dies off
9,7,1,0.096,0.230769231,0.534068803,0.991264261,,Dies off
10,10,1,0.048,0.153846154,0.325839574,0.773228349,,Dies off
11,11,1,0.024,0.076923077,0.163345543,0.391243564,,Dies off
12,1,1,0,0,0,0,,Dies off
,,,,,,,,
,,,,,,,,
Experiment #:,25,,,,,,,
Rule:,2.23E+11,,,,,,,
Step,Entry Zeroed,Class,Lambda,Lambda_t,H,H_t,Zeta,Observations
0,-,2,0.992,0.923076923,1.85296435,2.075869297,,Worm-like patterns continuing
1,7,3,0.848,0.846153846,2.111140837,2.133937566,,Static
2,1,3,0.824,0.769230769,2.114369327,2.133937566,,Small triangles starting to form
3,11,3,0.8,0.692307692,2.140874718,2.16197818,,Static
4,12,3,0.792,0.615384615,2.137778008,2.038159682,,Static
5,3,3,0.712,0.538461538,1.892285316,1.738149333,,Static
6,8,3,0.592,0.461538462,1.680705304,1.573402452,,Static
7,2,2,0.544,0.384615385,1.459335197,1.238901257,,"Most die off, few lines continue"
8,9,2,0.464,0.307692308,1.419630004,1.140115679,,"Most die off, few lines continue"
9,10,2,0.416,0.230769231,1.373521713,0.991264261,,"Most die off, few lines continue"
10,6,1,0.264,0.153846154,0.832722637,0.619382195,,Dies off
11,4,1,0.144,0.076923077,0.594619344,0.391243564,,Dies off
12,5,1,0,0,0,0,,Dies off
,,,,,,,,
,,,,,,,,
Experiment #:,26,,,,,,,
Rule:,1.12E+11,,,,,,,
Step,Entry Zeroed,Class,Lambda,Lambda_t,H,H_t,Zeta,Observations
0,-,1,0.992,0.923076923,1.775883685,2.16197818,,Dies off with green background
1,8,3,0.872,0.846153846,2.128639646,2.257756064,,Chaos with a bunch of triangles
2,12,3,0.864,0.769230769,2.123420435,2.199687795,,Chaos with a bunch of triangles
3,2,3,0.816,0.692307692,2.103292781,2.199687795,,Brown holes starting to form
4,5,3,0.672,0.615384615,2.0412443,2.075869297,,Green vines running down
5,3,3,0.592,0.538461538,2.03069903,1.987773371,,Water-like shape
6,9,3,0.512,0.461538462,1.716602996,1.669180337,,Small vines at the top
7,4,3,0.392,0.384615385,1.28088976,1.334679141,,Bunch of single colored triangles
8,6,3,0.24,0.307692308,1.028068422,1.140115679,,Bunch of single colored triangles
9,10,3,0.192,0.230769231,0.861402006,0.991264261,,Bunch of single colored triangles
10,1,1,0.168,0.153846154,0.752510139,0.773228349,,Dies off  
11,11,1,0.144,0.076923077,0.594619344,0.391243564,,Dies off  
12,7,1,0,0,0,0,,Dies off  
,,,,,,,,
,,,,,,,,
Experiment #:,27,,,,,,,
Rule:,3.24E+11,,,,,,,
Step,Entry Zeroed,Class,Lambda,Lambda_t,H,H_t,Zeta,Observations
0,-,3,0.992,0.923076923,1.792214964,1.987773371,,Cool striped triangles
1,3,3,0.912,0.846153846,1.964163284,1.987773371,,Bee hive patterns
2,5,2,0.768,0.769230769,1.742010876,1.775858948,,Straight lines
3,6,3,0.616,0.692307692,1.819369752,1.826245258,,Triangle chaos
4,7,3,0.472,0.615384615,1.722566671,1.826245258,,Black and green triangles
5,4,3,0.352,0.538461538,1.488683265,1.775858948,,More triangles
6,1,3,0.328,0.461538462,1.417190559,1.669180337,,Still triangles
7,10,3,0.28,0.384615385,1.228889137,1.488525295,,More triangles
8,11,3,0.256,0.307692308,1.075928311,1.140115679,,More triangles
9,12,3,0.248,0.230769231,1.055906597,0.991264261,,More triangles
10,2,1,0.2,0.153846154,0.916118214,0.773228349,,Dies off
11,9,1,0.12,0.076923077,0.529360865,0.391243564,,Dies off
12,8,1,0,0,0,0,,Dies off
,,,,,,,,
,,,,,,,,
Experiment #:,28,,,,,,,
Rule:,2.41E+11,,,,,,,
Step,Entry Zeroed,Class,Lambda,Lambda_t,H,H_t,Zeta,Observations
0,-,1,0.992,0.923076923,1.705871094,1.987773371,,Dies off
1,8,3,0.872,0.846153846,1.856888085,1.987773371,,Orange triangles
2,12,3,0.864,0.769230769,1.868077992,2.075869297,,Small black triangles
3,1,3,0.84,0.692307692,1.770503544,1.826245258,,Static with triangles
4,7,3,0.696,0.615384615,1.804505912,1.826245258,,Static  
5,6,4,0.544,0.538461538,1.779740905,1.738149333,,Triangle patterns with chains that run into each other
6,9,2,0.464,0.461538462,1.648059312,1.669180337,,Two chains repeating
7,2,1,0.416,0.384615385,1.525217847,1.546593564,,Dies off
8,5,1,0.272,0.307692308,1.265294067,1.352030102,,Dies off
9,10,1,0.224,0.230769231,1.0716317,1.145110414,,Dies off
10,4,1,0.104,0.153846154,0.562600927,0.773228349,,Dies off
11,11,1,0.08,0.076923077,0.40217919,0.391243564,,Dies off
12,3,1,0,0,0,0,,Dies off
,,,,,,,,
,,,,,,,,
Experiment #:,29,,,,,,,
Rule:,4.22E+11,,,,,,,
Step,Entry Zeroed,Class,Lambda,Lambda_t,H,H_t,Zeta,Observations
0,-,3,0.992,0.923076923,1.838232142,2.199687795,,Matrix-like patterns
1,4,3,0.872,0.846153846,2.163298051,2.295465679,,Static
2,1,3,0.848,0.769230769,2.151606838,2.295465679,,Variety of colored triangles
3,8,3,0.728,0.692307692,2.182234619,2.257756064,,Static
4,12,3,0.72,0.615384615,2.168501002,2.133937566,,Static
5,9,3,0.64,0.538461538,1.893387379,1.833927218,,Static
6,2,2,0.592,0.461538462,1.802350707,1.669180337,,Few lines repeating
7,6,1,0.44,0.384615385,1.64940942,1.546593564,,Dies out
8,7,1,0.296,0.307692308,1.234238277,1.352030102,,Dies out
9,10,1,0.248,0.230769231,1.13247092,1.145110414,,Dies out
10,11,1,0.224,0.153846154,0.978028471,0.773228349,,Dies out
11,3,1,0.144,0.076923077,0.594619344,0.391243564,,Dies out
12,5,1,0,0,0,0,,Dies out
,,,,,,,,
,,,,,,,,
Experiment #:,30,,,,,,,
Rule:,3.12E+11,,,,,,,
Step,Entry Zeroed,Class,Lambda,Lambda_t,H,H_t,Zeta,Observations
0,-,2,0.992,0.923076923,1.790789371,2.16197818,,Circular weave pattern
1,4,2,0.872,0.846153846,2.119570655,2.257756064,,Circular weave pattern
2,8,3,0.752,0.769230769,2.182515566,2.295465679,,Chaos
3,3,2,0.672,0.692307692,2.119570655,2.257756064,,Yellow lines repeating
4,7,2,0.528,0.615384615,2.018397218,2.192005835,,Yellow lines repeating
5,5,2,0.384,0.538461538,1.580349211,2.045841641,,Yellow lines repeating
6,10,2,0.336,0.461538462,1.45390929,1.88109476,,Yellow lines repeating
7,6,2,0.184,0.384615385,0.989057258,1.700439718,,Chain-linked lines repeating
8,2,1,0.136,0.307692308,0.787729035,1.505876256,,Dies off
9,11,1,0.112,0.230769231,0.628549648,1.145110414,,Dies off
10,9,1,0.032,0.153846154,0.230285571,0.773228349,,Dies off
11,1,1,0.008,0.076923077,0.067221545,0.391243564,,Dies off
12,12,1,0,0,0,0,,Dies off
,,,,,,,,
,,,,,,,,
Experiment #:,31,,,,,,,
Rule:,3.14E+11,,,,,,,
Step,Entry Zeroed,Class,Lambda,Lambda_t,H,H_t,Zeta,Observations
0,-,2,0.992,0.923076923,1.242592882,1.88109476,,Poka dot background
1,2,3,0.944,0.846153846,1.463077026,2.045841641,,Static
2,5,3,0.8,0.769230769,1.792912584,2.133937566,,Static
3,11,3,0.776,0.692307692,1.823186212,2.16197818,,Static
4,1,3,0.752,0.615384615,1.803035358,2.038159682,,Black triangles forming
5,7,3,0.608,0.538461538,1.862271225,1.987773371,,Various black triangles
6,6,3,0.456,0.461538462,1.74460639,1.88109476,,Black triangles  
7,8,3,0.336,0.384615385,1.486176983,1.700439718,,Black triangles  
8,4,1,0.216,0.307692308,1.002097519,1.352030102,,Dies off
9,9,1,0.136,0.230769231,0.617561483,0.991264261,,Dies off
10,10,1,0.088,0.153846154,0.468434344,0.773228349,,Dies off
11,12,1,0.08,0.076923077,0.40217919,0.391243564,,Dies off
12,3,1,0,0,0,0,,Dies off
,,,,,,,,
,,,,,,,,
Experiment #:,32,,,,,,,
Rule:,4.23E+11,,,,,,,
Step,Entry Zeroed,Class,Lambda,Lambda_t,H,H_t,Zeta,Observations
0,-,2,0.992,0.923076923,1.909706341,2.045841641,,One yellow line repeating
1,7,1,0.848,0.846153846,2.020255959,2.045841641,,Dies off
2,1,2,0.824,0.769230769,2.052842837,2.133937566,,One yellow line repeating
3,9,3,0.744,0.692307692,2.114775284,2.16197818,,Many colors of triangles
4,12,3,0.736,0.615384615,2.117315304,2.133937566,,Static
5,5,3,0.592,0.538461538,2.052842837,2.045841641,,Triangle chaos
6,8,3,0.472,0.461538462,1.884579153,1.88109476,,Yellow water-like streams
7,3,3,0.392,0.384615385,1.66520112,1.700439718,,Static
8,10,3,0.344,0.307692308,1.417465133,1.352030102,,Static
9,2,1,0.296,0.230769231,1.164657589,0.991264261,,Dies off
10,6,1,0.144,0.153846154,0.688222573,0.773228349,,Dies off
11,4,1,0.024,0.076923077,0.163345543,0.391243564,,Dies off
12,11,1,0,0,0,0,,Dies off
,,,,,,,,
,,,,,,,,
Experiment #:,33,,,,,,,
Rule:,2.33E+11,,,,,,,
Step,Entry Zeroed,Class,Lambda,Lambda_t,H,H_t,Zeta,Observations
0,-,3,0.992,0.923076923,1.599822849,1.891995487,,Tree-like structures
1,2,3,0.944,0.846153846,1.744919512,1.987773371,,Tree-like structures
2,7,3,0.8,0.769230769,2.037778241,2.075869297,,Static
3,5,3,0.656,0.692307692,2.092353431,2.10390991,,Static
4,11,3,0.632,0.615384615,2.082516952,2.075869297,,Static with triangles
5,6,3,0.48,0.538461538,1.878710758,1.987773371,,Static with triangles
6,8,3,0.36,0.461538462,1.433134912,1.669180337,,Static with triangles
7,3,1,0.28,0.384615385,1.270726125,1.546593564,,Dies off
8,1,1,0.256,0.307692308,1.198817682,1.352030102,,Dies off
9,10,1,0.208,0.230769231,0.937579594,0.991264261,,Dies off
10,4,1,0.088,0.153846154,0.468434344,0.773228349,,Dies off
11,12,1,0.08,0.076923077,0.40217919,0.391243564,,Dies off
12,9,1,0,0,0,0,,Dies off
,,,,,,,,
,,,,,,,,
Experiment #:,34,,,,,,,
Rule:,2.44E+11,,,,,,,
Step,Entry Zeroed,Class,Lambda,Lambda_t,H,H_t,Zeta,Observations
0,-,2,0.992,0.923076923,1.735473416,2.045841641,,Stacked square patterns
1,5,1,0.848,0.846153846,1.846023034,2.045841641,,Vines forming then dies
2,10,1,0.8,0.769230769,1.687014978,1.833927218,,Dies off
3,3,2,0.72,0.692307692,1.759437253,1.884313528,,DNA-like structures
4,1,2,0.696,0.615384615,1.686305634,1.76049503,,Lines repeating
5,11,2,0.672,0.538461538,1.56243764,1.460484681,,Lines repeating
6,7,2,0.528,0.461538462,1.406000354,1.295737801,,Lines repeating
7,2,2,0.48,0.384615385,1.388259036,1.238901257,,Lines repeating
8,6,2,0.328,0.307692308,1.223628644,1.140115679,,Sporadic vines end up repeating
9,4,1,0.208,0.230769231,0.942076988,0.991264261,,Dies off
10,8,1,0.088,0.153846154,0.429758609,0.619382195,,Dies off
11,9,1,0.008,0.076923077,0.067221545,0.391243564,,Dies off
12,12,1,0,0,0,0,,Dies off
,,,,,,,,
,,,,,,,,
Experiment #:,35,,,,,,,
Rule:,4.42E+11,,,,,,,
Step,Entry Zeroed,Class,Lambda,Lambda_t,H,H_t,Zeta,Observations
0,-,2,0.992,0.923076923,1.593136725,1.854285872,,Circular pattern repeating
1,4,3,0.872,0.846153846,1.898313091,1.950063756,,Static
2,11,3,0.848,0.769230769,1.911371009,1.987773371,,Static
3,9,3,0.768,0.692307692,1.979260037,1.987773371,,Static with shard-like holes
4,6,2,0.616,0.615384615,1.911371009,1.922023143,,Patterned lines repeating
5,5,2,0.472,0.538461538,1.510241497,1.775858948,,Solid lines repeating
6,2,2,0.424,0.461538462,1.427648391,1.669180337,,Single line repeating
7,7,2,0.28,0.384615385,1.179180855,1.546593564,,Single line repeating
8,1,2,0.256,0.307692308,1.119823258,1.352030102,,Single line repeating
9,10,2,0.208,0.230769231,0.980752722,1.145110414,,Two lines repeating
10,12,2,0.2,0.153846154,0.916118214,0.773228349,,Two lines repeating
11,3,2,0.12,0.076923077,0.529360865,0.391243564,,Two lines repeating
12,8,1,0,0,0,0,,Dies off
,,,,,,,,
,,,,,,,,
Experiment #:,36,,,,,,,
Rule:,4.31E+11,,,,,,,
Step,Entry Zeroed,Class,Lambda,Lambda_t,H,H_t,Zeta,Observations
0,-,3,0.992,0.923076923,1.928294071,2.199687795,,Static with small blue triangles
1,10,3,0.944,0.846153846,2.017327947,2.199687795,,Static
2,4,3,0.824,0.769230769,2.219064585,2.23739741,,Static
3,1,2,0.8,0.692307692,2.233361615,2.199687795,,Vines turned into lines repeating
4,9,1,0.72,0.615384615,1.991687856,1.922023143,,Dies off
5,5,2,0.576,0.538461538,1.821870436,1.833927218,,Lines repeating
6,3,2,0.496,0.461538462,1.54238961,1.669180337,,Many lines repeating
7,8,1,0.376,0.384615385,1.370952618,1.488525295,,Dies off
8,2,1,0.328,0.307692308,1.286552667,1.352030102,,Dies off
9,11,1,0.304,0.230769231,1.235341429,1.145110414,,Dies off
10,6,1,0.152,0.153846154,0.660038539,0.773228349,,Dies off
11,12,1,0.144,0.076923077,0.594619344,0.391243564,,Dies off
12,7,1,0,0,0,0,,Dies off
,,,,,,,,
,,,,,,,,
Experiment #:,37,,,,,,,
Rule:,1.31E+11,,,,,,,
Step,Entry Zeroed,Class,Lambda,Lambda_t,H,H_t,Zeta,Observations
0,-,3,0.992,0.923076923,1.955645928,2.10390991,,Triangles mixed with some straight lines
1,6,3,0.84,0.846153846,2.148621718,2.16197818,,Static
2,10,3,0.792,0.769230769,2.082516952,2.10390991,,Small pockets of blue and green
3,5,3,0.648,0.692307692,2.094311781,2.10390991,,Static with sparse smooth lines
4,4,2,0.528,0.615384615,1.708251063,1.826245258,,Smooth and patterened lines
5,8,3,0.408,0.538461538,1.500863961,1.738149333,,"Static, looks like candles"
6,9,3,0.328,0.461538462,1.228029677,1.573402452,,Static
7,7,3,0.184,0.384615385,0.932544154,1.488525295,,Static
8,1,1,0.16,0.307692308,0.859270767,1.352030102,,Dies off
9,11,1,0.136,0.230769231,0.7010533,0.991264261,,Dies off
10,12,1,0.128,0.153846154,0.674095106,0.773228349,,Dies off
11,3,1,0.048,0.076923077,0.277839574,0.391243564,,Dies off
12,2,1,0,0,0,0,,Dies off
,,,,,,,,
,,,,,,,,
Experiment #:,38,,,,,,,
Rule:,3.32E+11,,,,,,,
Step,Entry Zeroed,Class,Lambda,Lambda_t,H,H_t,Zeta,Observations
0,-,3,0.992,0.923076923,1.788473708,2.199687795,,Diamond patterns
1,2,3,0.944,0.846153846,1.871854104,2.257756064,,Diamond chaos
2,7,3,0.8,0.769230769,2.056118039,2.295465679,,Static
3,3,2,0.72,0.692307692,1.853120015,2.199687795,,Cool patterns repeating
4,4,2,0.6,0.615384615,1.86116151,2.133937566,,Most die quickly but few lines repeating
5,6,2,0.448,0.538461538,1.688327482,1.987773371,,Dashed and solid lines repeating
6,1,2,0.424,0.461538462,1.610512581,1.823026491,,Couple lines repeating
7,5,1,0.28,0.384615385,1.090724353,1.488525295,,Dies off
8,11,1,0.256,0.307692308,1.047800691,1.352030102,,Dies off
9,8,1,0.136,0.230769231,0.739729035,1.145110414,,Dies off
10,9,1,0.056,0.153846154,0.344491046,0.773228349,,Dies off
11,12,1,0.048,0.076923077,0.277839574,0.391243564,,Dies off
12,10,1,0,0,0,0,,Dies off
,,,,,,,,
,,,,,,,,
Experiment #:,39,,,,,,,
Rule:,2.41E+11,,,,,,,
Step,Entry Zeroed,Class,Lambda,Lambda_t,H,H_t,Zeta,Observations
0,-,3,0.992,0.923076923,1.929072197,2.075869297,,Static
1,1,3,0.968,0.846153846,2.018020606,2.133937566,,Static
2,2,3,0.92,0.769230769,2.089126323,2.133937566,,Static
3,3,3,0.84,0.692307692,2.222936344,2.16197818,,Pockets of triangles forming
4,8,3,0.72,0.615384615,2.263008548,2.133937566,,Triangle vines die off
5,7,3,0.576,0.538461538,1.871038721,1.833927218,,Triangle vines die off
6,11,3,0.552,0.461538462,1.844724889,1.727248606,,Orange triangle background
7,12,3,0.544,0.384615385,1.829795176,1.546593564,,Orange triangle background
8,4,1,0.424,0.307692308,1.404543093,1.198183948,,Dies off
9,9,1,0.344,0.230769231,1.269232387,0.991264261,,Dies off
10,10,1,0.296,0.153846154,1.172190243,0.773228349,,Dies off
11,6,1,0.144,0.076923077,0.594619344,0.391243564,,Dies off
12,5,1,0,0,0,0,,Dies off
,,,,,,,,
,,,,,,,,
Experiment #:,40,,,,,,,
Rule:,3.14E+11,,,,,,,
Step,Entry Zeroed,Class,Lambda,Lambda_t,H,H_t,Zeta,Observations
0,-,2,0.992,0.923076923,1.697898615,2.038159682,,Cool aztec-like pattern repeating
1,2,2,0.944,0.846153846,1.861764552,2.133937566,,Cool aztec-like pattern repeating
2,7,3,0.8,0.769230769,2.092005268,2.199687795,,Static
3,5,3,0.656,0.692307692,2.050454644,2.199687795,,Static
4,3,3,0.576,0.615384615,1.948395814,2.075869297,,Big triangles
5,1,3,0.552,0.538461538,1.909024063,1.987773371,,Chaotic triangles
6,10,3,0.504,0.461538462,1.866585352,1.88109476,,Chaotic triangles
7,8,3,0.384,0.384615385,1.471526213,1.700439718,,Chaotic triangles
8,11,3,0.36,0.307692308,1.323871842,1.352030102,,Chaotic triangles
9,9,3,0.28,0.230769231,1.177138202,1.145110414,,Chaotic triangles
10,12,3,0.272,0.153846154,1.113597933,0.773228349,,Chaotic triangles
11,4,1,0.152,0.076923077,0.614822757,0.391243564,,Dies off
12,6,1,0,0,0,0,,Dies off
,,,,,,,,
,,,,,,,,
Experiment #:,41,,,,,,,
Rule:,3.11E+11,,,,,,,
Step,Entry Zeroed,Class,Lambda,Lambda_t,H,H_t,Zeta,Observations
0,-,3,0.992,0.923076923,1.788799135,2.075869297,,Chaos with some lines repeating
1,3,3,0.912,0.846153846,2.060010413,2.199687795,,Static
2,11,3,0.888,0.769230769,2.071701626,2.199687795,,Static
3,9,3,0.808,0.692307692,1.883566825,1.950063756,,Static
4,12,3,0.8,0.615384615,1.878281516,1.826245258,,Static
5,1,2,0.776,0.538461538,1.887423604,1.738149333,,Solid lines repeating
6,5,2,0.632,0.461538462,1.903925881,1.669180337,,Solid lines repeating
7,2,2,0.584,0.384615385,1.865083205,1.546593564,,Solid lines repeating
8,4,1,0.464,0.307692308,1.453869193,1.198183948,,Dies off
9,10,1,0.416,0.230769231,1.373521713,0.991264261,,Dies off
10,8,1,0.296,0.153846154,1.172190243,0.773228349,,Dies off
11,7,1,0.152,0.076923077,0.614822757,0.391243564,,Dies off
12,6,1,0,0,0,0,,Dies off
,,,,,,,,
,,,,,,,,
Experiment #:,42,,,,,,,
Rule:,2.42E+11,,,,,,,
Step,Entry Zeroed,Class,Lambda,Lambda_t,H,H_t,Zeta,Observations
0,-,3,0.992,0.923076923,1.678011143,2.10390991,,Static
1,7,3,0.848,0.846153846,2.004651734,2.199687795,,Static
2,6,3,0.696,0.769230769,2.020074416,2.199687795,,Static
3,9,3,0.616,0.692307692,1.961550138,2.16197818,,Static
4,4,1,0.496,0.615384615,1.707457783,2.038159682,,Dies off
5,1,1,0.472,0.538461538,1.683715978,1.987773371,,Dies off
6,2,4,0.424,0.461538462,1.445357472,1.669180337,,Diagonal stripes
7,12,4,0.416,0.384615385,1.38437673,1.334679141,,Diagonal stripes
8,3,1,0.336,0.307692308,1.256939448,1.198183948,,Dies off
9,10,1,0.288,0.230769231,1.148325883,0.991264261,,Dies off
10,8,1,0.168,0.153846154,0.653109112,0.619382195,,Dies off
11,5,1,0.024,0.076923077,0.163345543,0.391243564,,Dies off
12,11,1,0,0,0,0,,Dies off
,,,,,,,,
,,,,,,,,
Experiment #:,43,,,,,,,
Rule:,2.34E+11,,,,,,,
Step,Entry Zeroed,Class,Lambda,Lambda_t,H,H_t,Zeta,Observations
0,-,3,0.992,0.923076923,1.80835192,1.987773371,,Triangle chaos
1,6,3,0.84,0.846153846,2.190433954,2.133937566,,Static
2,10,3,0.792,0.769230769,2.124329188,2.075869297,,Static
3,9,3,0.712,0.692307692,2.120510256,2.038159682,,Static
4,1,3,0.688,0.615384615,2.121421958,2.038159682,,Static
5,8,3,0.568,0.538461538,1.94737304,1.891995487,,Static
6,4,1,0.448,0.461538462,1.818717172,1.823026491,,Dies off
7,2,1,0.4,0.384615385,1.577409658,1.488525295,,Dies off
8,12,1,0.392,0.307692308,1.562911582,1.352030102,,Dies off
9,11,1,0.368,0.230769231,1.515102204,1.145110414,,Dies off
10,3,1,0.288,0.153846154,1.154123681,0.773228349,,Dies off
11,7,1,0.144,0.076923077,0.594619344,0.391243564,,Dies off
12,5,1,0,0,0,0,,Dies off
,,,,,,,,
,,,,,,,,
Experiment #:,44,,,,,,,
Rule:,2.22E+11,,,,,,,
Step,Entry Zeroed,Class,Lambda,Lambda_t,H,H_t,Zeta,Observations
0,-,2,0.992,0.923076923,1.67286096,2.10390991,,Looks like a cracked screen
1,5,2,0.848,0.846153846,2.073990473,2.199687795,,Couple lines repeating
2,10,3,0.8,0.769230769,1.914982417,1.987773371,,Static
3,11,3,0.776,0.692307692,1.920972457,1.987773371,,Static
4,9,3,0.696,0.615384615,1.888595243,1.922023143,,Static
5,4,3,0.576,0.538461538,1.868232487,1.833927218,,Static
6,2,1,0.528,0.461538462,1.781102492,1.727248606,,Dies off
7,7,1,0.384,0.384615385,1.560262678,1.546593564,,Dies off
8,3,2,0.304,0.307692308,1.283121145,1.352030102,,Lines repeating
9,1,2,0.28,0.230769231,1.131314689,0.991264261,,Lines repeating
10,6,1,0.128,0.153846154,0.595100682,0.773228349,,Dies off
11,8,1,0.008,0.076923077,0.067221545,0.391243564,,Dies off
12,12,1,0,0,0,0,,Dies off
,,,,,,,,
,,,,,,,,
Experiment #:,45,,,,,,,
Rule:,2.34E+11,,,,,,,
Step,Entry Zeroed,Class,Lambda,Lambda_t,H,H_t,Zeta,Observations
0,-,3,0.992,0.923076923,1.610794821,2.133937566,,Static
1,11,3,0.968,0.846153846,1.665886304,2.133937566,,Static
2,2,3,0.92,0.769230769,1.827565792,2.199687795,,Static
3,12,3,0.912,0.692307692,1.839094146,2.16197818,,Static
4,8,3,0.792,0.615384615,2.04587355,2.133937566,,Static
5,1,3,0.768,0.538461538,2.000669821,1.987773371,,Triangle chaos
6,7,3,0.624,0.461538462,2.026789033,1.88109476,,Triangle chaos
7,6,3,0.472,0.384615385,1.838837368,1.700439718,,Triangle chaos
8,10,3,0.424,0.307692308,1.600478862,1.352030102,,Triangle chaos
9,9,3,0.344,0.230769231,1.46017985,1.145110414,,Triangle chaos
10,3,1,0.264,0.153846154,1.095146613,0.773228349,,Dies off
11,4,1,0.144,0.076923077,0.594619344,0.391243564,,Dies off
12,5,1,0,0,0,0,,Dies off
,,,,,,,,
,,,,,,,,
Experiment #:,46,,,,,,,
Rule:,2.32E+11,,,,,,,
Step,Entry Zeroed,Class,Lambda,Lambda_t,H,H_t,Zeta,Observations
0,-,2,0.992,0.923076923,1.924911018,1.987773371,,Cool vine dies off and lines repeat
1,6,3,0.84,0.846153846,1.879087505,1.833927218,,Static
2,7,3,0.696,0.769230769,1.81902099,1.833927218,,Static
3,4,3,0.576,0.692307692,1.599583808,1.738149333,,Triangle chaos
4,1,3,0.552,0.615384615,1.597622873,1.76049503,,Triangle chaos
5,3,1,0.472,0.538461538,1.562403269,1.738149333,,Dies off
6,2,1,0.424,0.461538462,1.324044763,1.419556299,,Dies off
7,11,1,0.4,0.384615385,1.259721832,1.238901257,,Dies off
8,8,1,0.28,0.307692308,1.09712457,1.140115679,,Dies off
9,9,1,0.2,0.230769231,0.721928095,0.779349837,,Dies off
10,12,1,0.192,0.153846154,0.705636606,0.619382195,,Dies off
11,5,1,0.048,0.076923077,0.277839574,0.391243564,,Dies off
12,10,1,0,0,0,0,,Dies off
,,,,,,,,
,,,,,,,,
Experiment #:,47,,,,,,,
Rule:,2.14E+11,,,,,,,
Step,Entry Zeroed,Class,Lambda,Lambda_t,H,H_t,Zeta,Observations
0,-,2,0.992,0.923076923,1.508725523,1.88109476,,Cool laser lines end in stripes
1,12,3,0.984,0.846153846,1.554174237,2.045841641,,Varied triangles
2,7,3,0.84,0.769230769,1.95615911,2.133937566,,Varied triangles
3,9,3,0.76,0.692307692,1.89576811,2.038159682,,Varied triangles
4,1,3,0.736,0.615384615,1.915388251,2.038159682,,Varied triangles
5,3,2,0.656,0.538461538,1.64622747,1.738149333,,Repeated lines
6,11,2,0.632,0.461538462,1.518230846,1.419556299,,Repeated lines
7,4,2,0.512,0.384615385,1.493767734,1.334679141,,Repeated lines
8,2,1,0.464,0.307692308,1.419630004,1.140115679,,Dies off
9,10,1,0.416,0.230769231,1.373521713,0.991264261,,Dies off
10,8,1,0.296,0.153846154,1.172190243,0.773228349,,Dies off
11,5,1,0.152,0.076923077,0.614822757,0.391243564,,Dies off
12,6,1,0,0,0,0,,Dies off
,,,,,,,,
,,,,,,,,
Experiment #:,48,,,,,,,
Rule:,3.24E+11,,,,,,,
Step,Entry Zeroed,Class,Lambda,Lambda_t,H,H_t,Zeta,Observations
0,-,3,0.992,0.923076923,1.981937626,2.199687795,,Cool wavy patterns
1,2,3,0.944,0.846153846,2.107812007,2.257756064,,Cool wavy patterns
2,1,3,0.92,0.769230769,2.136709762,2.199687795,,Cool wavy patterns
3,12,3,0.912,0.692307692,2.143249809,2.10390991,,Chaotic triangles
4,8,3,0.792,0.615384615,2.278513738,2.075869297,,Chaotic triangles
5,11,3,0.768,0.538461538,2.282102018,1.987773371,,Chaotic triangles
6,5,3,0.624,0.461538462,1.9210974,1.669180337,,Chaotic triangles
7,3,3,0.544,0.384615385,1.84055632,1.546593564,,Chaotic triangles
8,6,3,0.392,0.307692308,1.562911582,1.352030102,,Chaotic triangles
9,10,3,0.344,0.230769231,1.46017985,1.145110414,,Chaotic triangles
10,4,1,0.224,0.153846154,0.978028471,0.773228349,,Dies off
11,9,1,0.144,0.076923077,0.594619344,0.391243564,,Dies off
12,7,1,0,0,0,0,,Dies off
,,,,,,,,
,,,,,,,,
Experiment #:,49,,,,,,,
Rule:,4.13E+11,,,,,,,
Step,Entry Zeroed,Class,Lambda,Lambda_t,H,H_t,Zeta,Observations
0,-,3,0.992,0.923076923,1.944185012,2.199687795,,Static
1,10,3,0.944,0.846153846,2.066816736,2.199687795,,Static
2,5,3,0.8,0.769230769,2.287696402,2.23739741,,Static
3,6,3,0.648,0.692307692,2.06308311,2.199687795,,Yellow and black triangles
4,7,3,0.504,0.615384615,1.63199087,1.922023143,,Yellow and black triangles
5,11,3,0.48,0.538461538,1.59604445,1.833927218,,Yellow and black triangles
6,9,3,0.4,0.461538462,1.497812505,1.727248606,,Yellow and black triangles
7,4,3,0.28,0.384615385,1.223986481,1.546593564,,Yellow and black triangles
8,1,3,0.256,0.307692308,1.096986555,1.352030102,,Blue stripe over chaotic triangles
9,8,3,0.136,0.230769231,0.739729035,1.145110414,,Yellow and black triangles
10,3,1,0.056,0.153846154,0.344491046,0.773228349,,Dies off
11,12,1,0.048,0.076923077,0.277839574,0.391243564,,Dies off
12,2,1,0,0,0,0,,Dies off